athlete_id,name,age,height,weight,country,sport,years_experience,training_hours_per_week,medal
1,Athlete_1,24,166.251932862553,69.87891459741175,China,Rowing,17,25,Bronze
2,Athlete_2,37,170.99627126832448,68.4979801479763,Japan,Swimming,13,31,None
3,Athlete_3,32,180.09378116336106,82.59554101811791,Russia,Swimming,13,12,None
4,Athlete_4,28,187.47327055231725,69.60508754129663,Australia,Swimming,7,33,None
5,Athlete_5,25,184.6592200795959,87.21001474901018,Russia,Athletics,10,21,Bronze
6,Athlete_6,38,175.82054871152798,106.95818820143788,France,Athletics,2,34,None
7,Athlete_7,24,170.12604976078853,71.45350511824141,Russia,Rowing,4,17,None
8,Athlete_8,36,179.03820558679305,76.8277861629195,China,Swimming,6,22,Bronze
9,Athlete_9,28,164.0860956270653,79.55378468598609,France,Gymnastics,18,13,None
10,Athlete_10,28,166.82998560739105,96.7380577511222,Australia,Rowing,6,23,Gold
11,Athlete_11,38,190.09771312459623,74.00822657954173,USA,Swimming,17,23,None
12,Athlete_12,21,179.02034480046922,65.05179696409965,USA,Swimming,14,22,Gold
13,Athlete_13,25,171.52473266227045,59.803913932491554,Germany,Athletics,11,36,Bronze
14,Athlete_14,20,183.29138684585268,74.30419263081319,Japan,Rowing,19,15,None
15,Athlete_15,39,187.86974963849593,69.61943737135341,Germany,Swimming,2,26,None
16,Athlete_16,38,170.5536244175436,99.12011147160001,China,Swimming,3,13,Gold
17,Athlete_17,19,170.72592057550526,96.2383490481236,UK,Rowing,11,17,Bronze
18,Athlete_18,29,169.47354226652993,62.58752606491682,Australia,Gymnastics,6,26,None
19,Athlete_19,23,184.63850318715362,66.47087875740986,Japan,Rowing,14,12,None
20,Athlete_20,19,184.73557447520125,75.88524129464264,Australia,Rowing,19,26,None
21,Athlete_21,38,188.859033212911,91.76671707070516,USA,Gymnastics,16,18,Silver
22,Athlete_22,18,185.08602949848836,75.68415763645261,Germany,Rowing,7,11,Bronze
23,Athlete_23,29,158.6778192057148,67.23311234414344,Australia,Swimming,8,34,None
24,Athlete_24,39,177.80964320918198,74.2934182811673,USA,Rowing,19,22,None
25,Athlete_25,29,164.4161459715295,67.45818163324743,China,Gymnastics,16,29,None
26,Athlete_26,34,169.87085625028584,82.22972651327379,China,Cycling,7,11,None
27,Athlete_27,27,176.70594203580862,66.49159546002355,UK,Rowing,9,29,None
28,Athlete_28,33,183.35565398349905,68.8747673708764,Australia,Athletics,13,37,None
29,Athlete_29,32,166.09156657548922,88.94320576147315,UK,Swimming,1,20,Bronze
30,Athlete_30,32,151.752803385476,65.77962063223113,France,Swimming,8,36,Silver
31,Athlete_31,36,176.80530841805432,57.64646360927806,Japan,Athletics,4,35,None
32,Athlete_32,29,201.4357158339855,76.13992501627565,Australia,Athletics,3,31,None
33,Athlete_33,37,172.97153780329847,70.67431914954484,China,Rowing,3,24,None
34,Athlete_34,20,175.4691543495026,81.13698601115945,Germany,Athletics,13,20,None
35,Athlete_35,22,192.82163618536077,78.80966321677309,USA,Cycling,8,32,None
36,Athlete_36,36,180.90274619061788,74.61697806427965,Russia,Gymnastics,7,12,None
37,Athlete_37,24,177.1686103698294,74.26747889436005,UK,Athletics,1,12,None
38,Athlete_38,38,179.42116665313472,66.16969860812598,Russia,Athletics,16,37,Bronze
39,Athlete_39,26,177.50243932573647,76.00016485191891,Australia,Cycling,6,35,Silver
40,Athlete_40,24,163.60245571843294,85.57541737719322,Germany,Swimming,7,21,None
41,Athlete_41,35,161.58554842200303,63.31863910320629,UK,Swimming,12,33,None
42,Athlete_42,21,193.86828112124238,74.93523148366158,Russia,Rowing,9,14,None
43,Athlete_43,31,176.83883351905158,87.46066506881535,Japan,Cycling,11,29,None
44,Athlete_44,35,176.00095442579698,81.06508911860038,Germany,Gymnastics,10,16,Silver
45,Athlete_45,26,174.0977233594379,90.71367475620855,USA,Gymnastics,1,16,Silver
46,Athlete_46,38,182.81073267616452,68.18229204198798,Japan,Cycling,18,22,None
47,Athlete_47,19,200.38691101737487,53.03077861926161,Germany,Gymnastics,4,18,None
48,Athlete_48,37,180.23952667107793,77.40782164746824,France,Swimming,5,34,Bronze
49,Athlete_49,32,169.11913173685448,79.35084978031782,UK,Gymnastics,9,30,Gold
50,Athlete_50,24,173.66599142108456,91.4210634536721,China,Gymnastics,17,22,Silver
51,Athlete_51,29,185.70996467205254,89.25774881648381,USA,Cycling,3,21,Bronze
52,Athlete_52,25,169.17199398587002,81.44092347614954,Australia,Cycling,16,22,None
53,Athlete_53,32,183.52246489030267,84.1846825700452,Japan,Gymnastics,5,33,None
54,Athlete_54,20,151.7926262602187,72.69814250152032,Japan,Athletics,16,19,None
55,Athlete_55,31,172.70120428553614,60.3706246641694,Russia,Cycling,3,10,None
56,Athlete_56,34,181.2814001348067,76.41265460857092,UK,Rowing,15,34,Bronze
57,Athlete_57,21,187.70125546575716,86.79088156353333,Australia,Rowing,3,17,Gold
58,Athlete_58,35,166.8152578295761,82.87633043794258,China,Swimming,14,31,None
59,Athlete_59,25,159.97234982369397,85.00568806991238,Germany,Gymnastics,16,25,Gold
60,Athlete_60,21,172.39264835108182,69.86693175543897,China,Athletics,17,22,None
61,Athlete_61,19,163.74580992253112,71.81343794377892,UK,Swimming,18,12,None
62,Athlete_62,23,173.5096333327047,80.80110585737523,UK,Gymnastics,18,12,None
63,Athlete_63,39,174.93346545368763,68.44191126589494,France,Cycling,14,33,None
64,Athlete_64,27,161.80854954798056,68.81139516080397,France,Rowing,18,14,Silver
65,Athlete_65,21,183.04439110110866,78.57578683652942,China,Athletics,15,35,Bronze
66,Athlete_66,39,173.4278610663555,84.1308569178829,Germany,Rowing,15,20,Bronze
67,Athlete_67,35,185.8045986900535,72.6056559200471,China,Cycling,6,39,None
68,Athlete_68,29,156.55094759703906,61.041726467356334,UK,Gymnastics,15,16,None
69,Athlete_69,19,164.8280782945461,66.17035301948604,UK,Cycling,18,30,None
70,Athlete_70,27,180.16669308648122,77.44406501871718,Russia,Cycling,4,33,Bronze
71,Athlete_71,21,167.00889429174734,77.29825156639157,France,Rowing,8,19,None
72,Athlete_72,31,173.35464341950305,77.89485765186417,Australia,Athletics,15,19,None
73,Athlete_73,33,175.00699117557176,81.25554348714908,Australia,Cycling,3,29,None
74,Athlete_74,32,176.58255980953368,75.0697267025094,Australia,Rowing,15,11,Bronze
75,Athlete_75,25,168.22433787266294,78.18067253808374,Russia,Athletics,13,12,Bronze
76,Athlete_76,31,176.49286563472478,74.4596781260536,USA,Gymnastics,9,17,Silver
77,Athlete_77,25,167.1745629476552,88.78480179515327,Australia,Gymnastics,2,20,None
78,Athlete_78,38,181.74280468746775,92.18810437461002,UK,Swimming,8,22,None
79,Athlete_79,33,173.85155980516976,60.73186461143959,Russia,Rowing,17,16,Bronze
80,Athlete_80,30,176.55036623595518,71.93697669477297,China,Athletics,13,22,Silver
81,Athlete_81,35,200.69926839690334,75.39269389848849,France,Cycling,1,11,None
82,Athlete_82,32,163.92895545399978,71.79702345582815,France,Gymnastics,2,15,Gold
83,Athlete_83,38,188.88582269040288,96.51507109597048,Germany,Athletics,15,18,Bronze
84,Athlete_84,30,148.4064864295063,77.68746333707682,China,Rowing,12,29,None
85,Athlete_85,26,154.21623345081056,65.33553807539587,Germany,Swimming,14,34,Silver
86,Athlete_86,32,162.5935992231243,82.15730807472805,Russia,Gymnastics,2,11,None
87,Athlete_87,30,163.22471634725065,78.25169446615432,Japan,Athletics,18,27,None
88,Athlete_88,18,177.0370179813885,78.65031503464105,Australia,Athletics,7,25,None
89,Athlete_89,24,177.89842264168468,96.69451390559028,USA,Athletics,6,34,Bronze
90,Athlete_90,26,172.45178731627635,79.20942210905771,China,Rowing,14,21,None
91,Athlete_91,18,173.5012203323754,71.35606171351205,China,Rowing,8,16,None
92,Athlete_92,29,180.2776476093166,51.53668288427879,China,Rowing,2,16,None
93,Athlete_93,25,183.33223877620742,73.01521178227786,Germany,Cycling,17,26,Silver
94,Athlete_94,28,161.7346098389024,90.67163900792627,Russia,Athletics,5,22,None
95,Athlete_95,36,171.38109028766996,73.90597056532576,China,Gymnastics,14,20,None
96,Athlete_96,34,174.3041017708699,48.11940121776596,Japan,Rowing,3,15,Bronze
97,Athlete_97,25,179.85315996560453,69.01965129369064,China,Rowing,5,38,Silver
98,Athlete_98,20,167.2733285772653,86.9122624669535,France,Athletics,16,32,None
99,Athlete_99,20,174.1077882440633,81.54980609474418,Australia,Rowing,18,36,None
100,Athlete_100,18,175.2998363452716,64.92142924187118,USA,Cycling,17,23,Silver
101,Athlete_101,22,167.9552989654047,68.21658268321102,Australia,Cycling,11,15,None
102,Athlete_102,27,167.71684850052114,70.07149609077099,France,Rowing,17,15,Bronze
103,Athlete_103,24,175.98745777637333,67.04743473764483,France,Athletics,16,11,None
104,Athlete_104,26,173.6965485401279,50.64391358712501,USA,Athletics,2,31,None
105,Athlete_105,24,180.00477519420633,84.16309320743827,Japan,Athletics,4,29,None
106,Athlete_106,26,164.46741279355004,90.08471948026911,Russia,Swimming,7,34,Bronze
107,Athlete_107,25,171.49318472121212,56.77861267242312,France,Rowing,2,24,Gold
108,Athlete_108,29,172.70783948446407,89.92623519103577,Russia,Athletics,6,37,None
109,Athlete_109,19,183.13863908123605,73.7637215832334,France,Cycling,17,26,Gold
110,Athlete_110,18,165.595862254321,89.70158817801449,UK,Gymnastics,7,38,Bronze
111,Athlete_111,33,177.34652005155087,75.45540523548536,USA,Gymnastics,5,17,None
112,Athlete_112,22,177.52755507537887,76.62653510590356,France,Athletics,5,14,None
113,Athlete_113,20,191.46397242679973,79.46921576378655,UK,Gymnastics,16,26,Silver
114,Athlete_114,29,164.92910635693738,65.51920409837666,Australia,Gymnastics,19,29,Bronze
115,Athlete_115,25,168.42766681882506,89.33608973193626,Germany,Swimming,9,10,Bronze
116,Athlete_116,39,165.6264431777668,61.54343234310258,UK,Cycling,5,31,Bronze
117,Athlete_117,20,158.302208279316,70.17519906579996,China,Cycling,8,27,None
118,Athlete_118,18,192.64686934262718,81.29117613171803,France,Swimming,9,24,None
119,Athlete_119,20,162.58498769050877,68.88965711417444,UK,Swimming,5,14,Gold
120,Athlete_120,22,166.83694590945154,84.33037488977934,Russia,Gymnastics,10,16,Gold
121,Athlete_121,32,188.1576650828216,91.51039407820747,Germany,Rowing,2,27,Bronze
122,Athlete_122,31,157.46892953061786,87.15055201264605,Japan,Gymnastics,9,15,Silver
123,Athlete_123,20,182.5635156928738,51.766616235856546,France,Swimming,11,31,None
124,Athlete_124,18,160.86975654658224,76.51016363543229,China,Cycling,4,30,None
125,Athlete_125,22,187.46694736529588,87.3441913283567,Japan,Gymnastics,2,14,None
126,Athlete_126,31,153.30122312959142,59.199013838135315,UK,Rowing,6,39,None
127,Athlete_127,24,157.46530583749336,83.6833270467465,Japan,Gymnastics,14,28,Gold
128,Athlete_128,26,169.5507776504109,83.00952937967175,Japan,Athletics,1,19,Bronze
129,Athlete_129,32,184.71822690172735,60.45492129674082,Germany,Gymnastics,18,24,None
130,Athlete_130,32,174.69041749363427,85.01079198888193,Australia,Swimming,7,19,Bronze
131,Athlete_131,27,171.64284927113428,78.27237352235922,Japan,Cycling,1,36,None
132,Athlete_132,30,188.46044207464718,82.80458146465523,Japan,Cycling,1,25,Bronze
133,Athlete_133,36,196.55239538433074,63.40425137081841,France,Swimming,1,21,Gold
134,Athlete_134,24,181.72257284413772,76.80163339645661,Australia,Athletics,4,27,None
135,Athlete_135,34,168.77145496898717,54.54145735041212,Germany,Swimming,4,32,None
136,Athlete_136,37,170.81856965990727,47.67610550960339,China,Gymnastics,18,10,None
137,Athlete_137,21,162.11552620242676,76.689941118333,UK,Swimming,11,25,None
138,Athlete_138,22,176.00817422254053,88.20717128113571,Germany,Swimming,1,31,None
139,Athlete_139,24,158.70407014023672,78.03524177118096,Germany,Athletics,10,15,Bronze
140,Athlete_140,30,180.518636553095,74.23864723267025,USA,Gymnastics,9,12,None
141,Athlete_141,32,195.05574045639952,72.74959055934151,Germany,Rowing,4,11,None
142,Athlete_142,28,182.1759157979305,63.68921530268321,Australia,Rowing,6,37,None
143,Athlete_143,21,170.30852279805066,72.33766915445632,USA,Cycling,16,11,Bronze
144,Athlete_144,30,180.2693741263179,80.06021361917334,UK,Swimming,2,39,Bronze
145,Athlete_145,24,191.20533445165876,69.77733320639246,Japan,Cycling,18,22,Gold
146,Athlete_146,36,190.7049463526114,84.00704224602931,France,Athletics,10,18,None
147,Athlete_147,39,164.9624210843663,77.35170040637523,France,Rowing,17,25,Bronze
148,Athlete_148,19,180.10296389582322,78.80375301328088,UK,Swimming,13,36,None
149,Athlete_149,27,173.41898509929803,85.66395304261152,UK,Athletics,18,14,None
150,Athlete_150,30,183.06593247913688,68.67893480814011,Australia,Athletics,13,32,None
151,Athlete_151,38,178.8361395381677,82.91256703424342,Russia,Swimming,17,37,None
152,Athlete_152,23,151.30278590515553,70.3622793929763,Japan,Athletics,5,30,Bronze
153,Athlete_153,29,171.5198691370316,79.07417380582608,UK,Swimming,11,16,None
154,Athlete_154,29,176.98558362896293,67.25074379236118,Germany,Swimming,7,22,None
155,Athlete_155,37,160.65635032841155,64.07155412322321,Australia,Gymnastics,10,29,None
156,Athlete_156,28,180.81022009865987,76.10237694778192,France,Cycling,17,33,None
157,Athlete_157,24,159.7598475827297,52.3775993757466,China,Athletics,15,38,None
158,Athlete_158,18,167.01560952582946,71.44479067789342,Australia,Athletics,18,36,Bronze
159,Athlete_159,18,188.41311919700135,55.72347593268984,France,Gymnastics,19,39,None
160,Athlete_160,37,166.16222211135732,84.3508084117633,USA,Gymnastics,2,35,None
161,Athlete_161,30,180.73966959201675,87.60132715330697,Australia,Gymnastics,4,22,Silver
162,Athlete_162,26,157.46426282091312,64.63258534295034,France,Rowing,3,36,None
163,Athlete_163,20,195.81314656765142,80.13975554968195,Russia,Rowing,7,35,Bronze
164,Athlete_164,24,171.95446361512742,85.78962856424991,Australia,Rowing,18,16,None
165,Athlete_165,23,175.9532080694772,85.8296306700214,Australia,Swimming,10,19,None
166,Athlete_166,25,176.79036796548965,77.57341000765969,Japan,Athletics,7,24,Gold
167,Athlete_167,26,181.07566864331358,83.81165610673796,UK,Cycling,8,30,None
168,Athlete_168,22,159.80820017013824,67.20802425695527,Japan,Swimming,6,36,None
169,Athlete_169,18,174.94663529163336,75.99746958788016,Australia,Athletics,1,15,Gold
170,Athlete_170,36,168.41231174218643,69.39475911851069,UK,Athletics,4,14,Bronze
171,Athlete_171,27,158.1044277392173,66.19454431457564,France,Gymnastics,14,32,None
172,Athlete_172,29,184.8712220012871,75.43276069763553,China,Gymnastics,17,37,Silver
173,Athlete_173,32,171.4782701640041,79.1703645138969,China,Swimming,18,11,Silver
174,Athlete_174,39,177.4252042561252,88.96210521545984,Australia,Gymnastics,11,30,None
175,Athlete_175,26,176.79845418728058,78.18186632758665,Russia,Athletics,14,24,None
176,Athlete_176,37,171.65147727623886,82.70316641953862,USA,Gymnastics,9,35,Bronze
177,Athlete_177,34,194.75027353630782,82.83939807899445,France,Rowing,15,25,Silver
178,Athlete_178,34,174.5273534737099,107.25041238836351,UK,Gymnastics,12,28,None
179,Athlete_179,37,159.42047682323332,53.27961116072905,Australia,Athletics,10,18,None
180,Athlete_180,29,170.99618639816683,66.74479359795387,France,Swimming,19,38,Gold
181,Athlete_181,24,179.9973762011211,92.68867262985697,Australia,Cycling,19,31,Bronze
182,Athlete_182,19,180.3259510937055,70.77584310175831,Russia,Gymnastics,6,38,Bronze
183,Athlete_183,20,164.12219064738238,85.62963765122063,Germany,Athletics,6,35,None
184,Athlete_184,34,184.2948250734477,77.76011428515403,Germany,Cycling,8,28,Gold
185,Athlete_185,22,157.3713307112896,100.26242881449613,Russia,Cycling,1,16,Bronze
186,Athlete_186,34,186.44135202616417,61.64334687523546,UK,Rowing,17,13,None
187,Athlete_187,34,161.80652110862593,89.66160663022576,Japan,Cycling,17,39,Silver
188,Athlete_188,34,172.73754780991325,95.99497566326998,Russia,Athletics,15,12,None
189,Athlete_189,19,185.645686780267,62.826973473984005,Australia,Athletics,7,33,Gold
190,Athlete_190,19,176.1960566888707,84.39444292297615,UK,Gymnastics,19,38,Bronze
191,Athlete_191,39,183.1669851771357,63.414024170051334,China,Gymnastics,3,29,Bronze
192,Athlete_192,22,181.1866195970993,75.3619388704215,Russia,Gymnastics,11,20,Gold
193,Athlete_193,18,187.86268613404602,71.92094483781392,UK,Cycling,19,10,Bronze
194,Athlete_194,18,185.62209850913712,46.166952781203754,Russia,Cycling,9,15,None
195,Athlete_195,36,170.46255691463557,80.09081111654278,Russia,Rowing,10,35,None
196,Athlete_196,19,181.32941633793465,76.72007001127477,Japan,Gymnastics,2,20,None
197,Athlete_197,38,159.73448138302254,92.74894768086912,Japan,Swimming,1,36,Silver
198,Athlete_198,29,174.42095092662214,82.33372385579452,Australia,Rowing,16,10,None
199,Athlete_199,23,183.1848473463854,102.49060708894515,UK,Swimming,18,30,None
200,Athlete_200,21,176.33847654246,76.28450858494456,UK,Cycling,17,16,Silver
201,Athlete_201,28,179.46639731517087,73.73363937597232,USA,Rowing,6,15,None
202,Athlete_202,34,172.86727624034208,72.78772019139485,Russia,Rowing,14,23,None
203,Athlete_203,23,186.29069437535142,69.72493546761872,Germany,Athletics,15,11,Bronze
204,Athlete_204,22,174.19584226291008,48.506989003409174,Russia,Cycling,14,36,None
205,Athlete_205,37,170.34549817595948,72.35766447590451,Russia,Cycling,3,13,Bronze
206,Athlete_206,19,183.86517412569054,50.185743282768094,UK,Rowing,19,20,Bronze
207,Athlete_207,23,160.9484007763554,80.42440013502923,Russia,Cycling,12,24,None
208,Athlete_208,39,180.01033343517344,60.11927649035299,France,Rowing,2,27,None
209,Athlete_209,28,164.5751512577286,64.26800852293897,Russia,Athletics,3,36,None
210,Athlete_210,33,187.77926829238166,66.96707766200939,France,Rowing,18,10,None
211,Athlete_211,33,172.38972746753205,72.54077954624105,Japan,Cycling,1,12,None
212,Athlete_212,18,176.34984720819688,75.08241905926845,Germany,Cycling,6,12,None
213,Athlete_213,26,179.12570396644122,88.01375499687686,Australia,Rowing,5,37,Gold
214,Athlete_214,23,155.70315403685842,68.06963887790936,UK,Rowing,1,16,Gold
215,Athlete_215,33,168.49415158443142,80.76175363466844,Russia,Rowing,19,10,None
216,Athlete_216,20,185.43545909286553,107.77040679868281,France,Gymnastics,1,34,None
217,Athlete_217,37,183.67765024170888,79.52820843315875,France,Cycling,16,20,Silver
218,Athlete_218,21,177.83032205395216,72.83412253282039,Japan,Cycling,12,15,Bronze
219,Athlete_219,36,161.50536428574478,65.65018017686043,France,Gymnastics,8,29,None
220,Athlete_220,20,180.85503460858578,72.66802145495606,Australia,Rowing,16,12,None
221,Athlete_221,36,182.13399590205447,64.36535587668713,China,Athletics,1,28,Bronze
222,Athlete_222,37,175.47017213123746,78.22393712020528,USA,Rowing,4,11,Gold
223,Athlete_223,24,187.23170950591458,76.24252966367271,Australia,Rowing,10,27,None
224,Athlete_224,37,168.16568209869877,49.05336934898648,Germany,Gymnastics,11,39,Bronze
225,Athlete_225,26,169.90142422500026,74.7773039308072,Australia,Cycling,17,21,Silver
226,Athlete_226,18,150.15388420914186,87.91375575168016,Japan,Rowing,7,38,None
227,Athlete_227,25,184.19827510147664,70.21065777356701,Japan,Cycling,12,19,None
228,Athlete_228,24,178.13861963470134,67.16523873106125,Australia,Swimming,7,14,Bronze
229,Athlete_229,35,158.1817967486677,58.46759072259777,Russia,Cycling,12,18,None
230,Athlete_230,25,157.4140100000585,52.70409550050715,China,Athletics,15,11,Gold
231,Athlete_231,18,166.27369372628988,84.97619120475905,Russia,Athletics,2,11,None
232,Athlete_232,28,182.93657941980354,72.82226004504965,Russia,Rowing,14,37,Silver
233,Athlete_233,35,171.9963951191137,84.26425874404107,Australia,Cycling,13,15,None
234,Athlete_234,27,166.95213083339675,93.37588493495363,UK,Rowing,4,38,None
235,Athlete_235,20,164.93884106916505,86.05497221892415,UK,Gymnastics,14,19,Silver
236,Athlete_236,24,164.49088042171815,68.49153214273446,UK,Athletics,14,27,Silver
237,Athlete_237,33,155.6632169889244,76.73841197589067,China,Rowing,16,21,None
238,Athlete_238,33,162.92604168353625,67.62272561811699,Russia,Gymnastics,7,13,None
239,Athlete_239,37,164.29421920322832,66.50053844878005,USA,Rowing,19,31,Bronze
240,Athlete_240,34,181.82623236457147,79.11378194883149,Germany,Cycling,2,30,Gold
241,Athlete_241,19,173.34276946853385,65.01247340258193,UK,Cycling,10,26,None
242,Athlete_242,18,166.7441515698254,48.490180570935586,UK,Cycling,18,24,Gold
243,Athlete_243,33,198.09722755406187,64.34222525127149,Japan,Cycling,17,15,None
244,Athlete_244,29,168.36103086453335,71.31742621575152,Russia,Swimming,5,25,None
245,Athlete_245,22,186.67102914383636,93.25678197398307,Russia,Gymnastics,12,26,Silver
246,Athlete_246,22,191.21108557787716,69.10875060154362,China,Gymnastics,6,12,None
247,Athlete_247,26,159.30039662342656,81.1430890923513,China,Cycling,9,19,None
248,Athlete_248,26,175.73962964073567,72.98030119245517,UK,Swimming,1,14,None
249,Athlete_249,20,169.82466349091777,89.7168617264446,Russia,Cycling,15,23,None
250,Athlete_250,36,169.01075603440665,88.8851566255675,USA,Swimming,6,35,None
251,Athlete_251,33,180.55376816806907,89.11410126287903,Germany,Cycling,19,38,Silver
252,Athlete_252,33,168.77129503576717,54.19219764699177,Australia,Athletics,18,30,None
253,Athlete_253,20,170.0403095367353,77.48068856693993,Russia,Athletics,6,22,Bronze
254,Athlete_254,37,173.31885104374706,84.10726320146337,Japan,Rowing,13,35,Silver
255,Athlete_255,39,171.2660073162343,79.57846275107197,Australia,Cycling,1,15,None
256,Athlete_256,18,163.26429792987875,82.63915590986196,Russia,Gymnastics,13,21,None
257,Athlete_257,37,182.95906504847474,75.70021205142572,France,Rowing,7,35,Gold
258,Athlete_258,28,185.485309385076,66.06258951928167,China,Athletics,15,17,Gold
259,Athlete_259,34,178.43618589535217,54.63483138016498,Japan,Cycling,12,14,None
260,Athlete_260,25,171.23447348977734,67.2531668562183,Germany,Rowing,1,39,Silver
261,Athlete_261,21,167.9478926367022,107.1373184836607,UK,Cycling,15,24,Gold
262,Athlete_262,23,167.96379937073553,69.17218588691193,Japan,Athletics,4,36,Silver
263,Athlete_263,25,198.5737636503271,51.48731728691107,Russia,Rowing,13,25,Bronze
264,Athlete_264,37,184.37838301566643,83.791792328749,UK,Athletics,5,10,None
265,Athlete_265,20,166.5988992141666,85.26552010419174,Russia,Swimming,2,25,None
266,Athlete_266,33,176.6469782743714,90.44789268182568,UK,Athletics,1,14,None
267,Athlete_267,20,171.37464974900638,80.65174204448137,Germany,Cycling,16,12,Bronze
268,Athlete_268,35,180.8380037615629,85.14721817360342,China,Gymnastics,6,29,None
269,Athlete_269,31,180.43499102789343,97.08260561810388,Germany,Athletics,16,24,Silver
270,Athlete_270,35,185.83609653905472,66.05431809525462,France,Gymnastics,14,22,None
271,Athlete_271,19,166.49443541337806,63.67379153491539,USA,Swimming,3,33,None
272,Athlete_272,39,176.0473529863813,61.864961525364855,China,Rowing,15,25,Bronze
273,Athlete_273,20,157.51453015042475,71.8107649620722,Germany,Rowing,3,32,None
274,Athlete_274,33,162.42659699571155,92.20106903790202,France,Gymnastics,2,20,Bronze
275,Athlete_275,26,183.8410083655918,81.33682041295482,USA,Rowing,1,30,Silver
276,Athlete_276,21,165.49316208594672,80.86430343251061,France,Athletics,9,11,None
277,Athlete_277,18,166.59091201952145,53.16830485602332,Russia,Gymnastics,9,31,Gold
278,Athlete_278,21,174.9172192544995,66.68175807316297,Australia,Cycling,7,36,None
279,Athlete_279,18,181.94761030846539,52.97210840565556,Russia,Athletics,3,15,None
280,Athlete_280,31,164.39173204165903,89.05494947185852,UK,Athletics,18,35,None
281,Athlete_281,38,140.19191171239916,94.0277579146288,China,Athletics,11,35,Gold
282,Athlete_282,33,166.29776757856487,84.35480072688458,Russia,Cycling,7,39,None
283,Athlete_283,37,187.05628077952838,63.158567451125464,Japan,Swimming,9,36,Silver
284,Athlete_284,25,178.43135051016873,92.78426992338949,France,Rowing,1,15,None
285,Athlete_285,24,188.23874803787214,71.96094107969748,China,Gymnastics,14,23,None
286,Athlete_286,20,163.68183857867305,60.426488630968066,Australia,Swimming,6,34,None
287,Athlete_287,34,158.60603732335943,63.42714894465969,Japan,Gymnastics,7,20,None
288,Athlete_288,18,179.62548552647542,69.83812037289796,Russia,Rowing,10,17,None
289,Athlete_289,33,177.40022737685047,75.59494224581648,UK,Cycling,7,17,Bronze
290,Athlete_290,29,178.05554320377257,73.06386946017848,Germany,Athletics,2,10,None
291,Athlete_291,36,184.32996642650568,58.04797898194767,UK,Athletics,4,30,Gold
292,Athlete_292,39,179.2168492391226,89.5597969102277,Japan,Cycling,17,16,Silver
293,Athlete_293,39,179.0561759314038,73.19272896675788,USA,Swimming,1,15,Silver
294,Athlete_294,31,182.15007013801142,66.43495372475219,Russia,Swimming,10,30,None
295,Athlete_295,23,180.02416632187027,88.32362834379317,Japan,Gymnastics,19,17,Bronze
296,Athlete_296,23,183.57445931717405,60.79912574080163,USA,Cycling,15,28,None
297,Athlete_297,30,185.08520824778583,55.453317797105825,USA,Swimming,10,31,None
298,Athlete_298,36,190.31688801240915,90.26984935918486,France,Cycling,19,30,None
299,Athlete_299,39,168.5080867509632,97.69665419460406,China,Rowing,12,33,None
300,Athlete_300,25,179.80562107410748,69.45484777618321,France,Athletics,16,29,None
301,Athlete_301,19,171.29676631402702,74.44835990499426,Russia,Athletics,9,17,None
302,Athlete_302,38,166.66441012720733,61.24002342574916,USA,Athletics,15,35,None
303,Athlete_303,18,168.10459678919634,75.06591060292072,Australia,Cycling,17,23,Gold
304,Athlete_304,32,179.94955517561525,69.29153683522564,Japan,Cycling,14,27,None
305,Athlete_305,18,179.18252554786,73.77445871958001,Germany,Gymnastics,18,34,Gold
306,Athlete_306,22,179.00412029238436,79.9111006511669,USA,Athletics,2,38,Bronze
307,Athlete_307,33,172.74286352430667,61.822254263629844,Japan,Gymnastics,4,25,Gold
308,Athlete_308,36,175.0341475117841,70.65826392920918,Australia,Athletics,18,18,None
309,Athlete_309,21,183.1775269587605,53.35462293866186,Germany,Gymnastics,7,24,Bronze
310,Athlete_310,20,160.10606940350695,70.74015259064055,France,Gymnastics,13,39,None
311,Athlete_311,34,175.24642098428583,73.878791148996,France,Rowing,15,35,Bronze
312,Athlete_312,34,175.8995614812679,77.74778910073293,China,Gymnastics,1,19,None
313,Athlete_313,29,182.53304269077648,77.8749184843585,Japan,Cycling,11,38,Silver
314,Athlete_314,31,161.49751588057174,85.84707300884227,USA,Gymnastics,10,31,None
315,Athlete_315,38,189.95133745517413,56.52400176872016,UK,Athletics,5,25,Bronze
316,Athlete_316,23,177.1363042442851,57.16467564059647,France,Gymnastics,16,13,Silver
317,Athlete_317,20,177.66580546694937,81.34749523671024,France,Swimming,11,29,None
318,Athlete_318,26,170.98620242667772,50.53246467593501,China,Athletics,6,22,None
319,Athlete_319,22,180.38022354796843,77.19960254525992,Germany,Swimming,9,31,None
320,Athlete_320,34,175.47954050283104,60.83648472492128,China,Athletics,13,14,None
321,Athlete_321,31,187.08981944106466,93.87377569100617,Australia,Cycling,8,31,None
322,Athlete_322,38,160.58505751936386,78.00542889273333,USA,Cycling,14,16,None
323,Athlete_323,20,176.75545829890507,72.37012776344326,Japan,Cycling,1,32,Silver
324,Athlete_324,18,179.08512348377425,89.73265052567014,Russia,Swimming,17,18,Gold
325,Athlete_325,37,173.13627605636907,62.239175921148586,Russia,Rowing,5,17,None
326,Athlete_326,38,170.95334176692953,64.5190843909463,Japan,Athletics,2,38,None
327,Athlete_327,18,171.37042721031293,59.86254199613869,Germany,Cycling,9,25,None
328,Athlete_328,20,176.74639269367827,64.61952928381208,Australia,Athletics,4,15,None
329,Athlete_329,35,156.90041099019294,75.73338731240865,France,Swimming,17,37,Gold
330,Athlete_330,27,184.6501496106323,80.92742246392464,Germany,Rowing,17,25,Bronze
331,Athlete_331,39,170.19868132304148,86.53706022441051,France,Swimming,18,15,None
332,Athlete_332,20,176.27802697366783,53.10331143719113,France,Athletics,16,23,Silver
333,Athlete_333,25,178.67102266788066,72.9376441624405,Russia,Rowing,8,30,Silver
334,Athlete_334,31,169.74194612687043,61.70202562571038,Germany,Rowing,11,10,None
335,Athlete_335,35,173.68961593001004,72.53655490214278,Australia,Swimming,18,34,Silver
336,Athlete_336,32,154.64759759374496,103.00996296152448,China,Cycling,10,18,Bronze
337,Athlete_337,39,182.3212360733307,78.50234114400018,France,Athletics,13,34,None
338,Athlete_338,19,185.80069000322163,85.79357965377895,UK,Gymnastics,17,36,None
339,Athlete_339,27,157.99006448061246,98.52829526593257,UK,Gymnastics,18,33,None
340,Athlete_340,19,170.93507123303738,88.5282989180971,China,Swimming,10,22,None
341,Athlete_341,34,162.70130621759185,69.62502624375618,UK,Athletics,16,35,Silver
342,Athlete_342,25,173.22259678512594,59.69001496116074,USA,Athletics,5,38,Gold
343,Athlete_343,18,181.48636334720962,74.63826876574979,France,Swimming,13,28,Gold
344,Athlete_344,26,184.87308899256624,68.18753058937577,China,Athletics,18,26,None
345,Athlete_345,28,186.2185318942685,56.70574456056991,Germany,Cycling,17,20,Bronze
346,Athlete_346,39,188.10543824692212,77.89109996747362,France,Swimming,9,37,None
347,Athlete_347,33,172.77587221544434,78.190635576712,China,Cycling,14,37,None
348,Athlete_348,24,163.53041371266562,96.22940040315945,Russia,Athletics,17,17,None
349,Athlete_349,27,173.8540969969203,70.65884317395823,Australia,Swimming,4,32,Silver
350,Athlete_350,20,181.33267502303576,78.36145666763339,Germany,Athletics,18,38,Silver
351,Athlete_351,35,162.72740219079142,67.01417502371741,Australia,Swimming,15,14,None
352,Athlete_352,30,191.60136953448242,85.47803316832159,Russia,Athletics,11,19,None
353,Athlete_353,24,183.9788853876034,73.50458644571845,France,Cycling,12,16,Bronze
354,Athlete_354,21,172.9343283156867,60.92890069376709,Germany,Cycling,9,19,Silver
355,Athlete_355,30,167.8912806958876,74.83833814001811,Australia,Athletics,13,13,None
356,Athlete_356,37,168.30878918887356,79.68627477078002,UK,Swimming,15,18,None
357,Athlete_357,18,175.74206213800156,78.06328064896276,Australia,Gymnastics,15,36,None
358,Athlete_358,25,172.70597397269648,87.55076058595043,China,Cycling,5,35,None
359,Athlete_359,31,184.50502755282625,57.62332353551172,France,Cycling,19,23,Gold
360,Athlete_360,33,171.5702417169737,64.8870889198207,USA,Gymnastics,14,11,None
361,Athlete_361,31,180.05501810611491,82.67744798154645,Australia,Athletics,17,34,None
362,Athlete_362,29,174.7107511582513,66.29677226446714,Germany,Swimming,18,18,Bronze
363,Athlete_363,36,177.69669357397072,77.88565499196248,Germany,Athletics,3,30,None
364,Athlete_364,32,172.69943564403619,45.96305703105885,Japan,Rowing,2,36,None
365,Athlete_365,19,182.0771554124962,107.5913588677546,Australia,Cycling,1,10,Silver
366,Athlete_366,19,182.22540080290077,71.76337762131196,France,Rowing,10,32,Gold
367,Athlete_367,39,179.59929025822143,89.32747511985934,France,Cycling,19,19,None
368,Athlete_368,36,181.07514327149505,70.95722609299811,Russia,Cycling,17,19,None
369,Athlete_369,39,165.55631222456947,79.97638234477064,Japan,Rowing,12,29,None
370,Athlete_370,39,178.2324576290898,92.90303575614327,Australia,Rowing,1,34,Silver
371,Athlete_371,34,187.49201767487534,88.98967223050063,UK,Athletics,12,31,None
372,Athlete_372,37,179.91404567019498,72.5465402437773,Russia,Rowing,17,38,None
373,Athlete_373,27,164.69282497198478,73.3769480952757,Japan,Athletics,3,12,Bronze
374,Athlete_374,23,174.50233490350917,87.04279872219942,Australia,Athletics,11,15,Bronze
375,Athlete_375,32,178.74977938339708,102.9989328514236,Australia,Athletics,17,38,Bronze
376,Athlete_376,39,167.4260048310169,77.30739209278849,Russia,Cycling,3,35,Silver
377,Athlete_377,28,161.41728803276646,98.48476368649969,UK,Cycling,8,15,None
378,Athlete_378,22,171.83902131563474,72.10302707495752,Japan,Rowing,4,30,Bronze
379,Athlete_379,18,167.59167592032298,86.42352436211762,Australia,Cycling,7,11,Silver
380,Athlete_380,25,174.8571096861003,88.21386914696744,Australia,Rowing,14,35,None
381,Athlete_381,38,159.08595352503713,70.08047395376671,Japan,Cycling,14,35,Silver
382,Athlete_382,29,180.64701062536156,66.0350630483803,USA,Swimming,4,27,None
383,Athlete_383,29,168.65394964706644,88.74467026256823,Russia,Swimming,16,32,Silver
384,Athlete_384,22,184.95752236681355,68.62131675308332,Russia,Rowing,1,11,None
385,Athlete_385,24,172.23101160203623,64.26780104789516,Germany,Cycling,17,21,None
386,Athlete_386,21,174.74610953615513,66.79248597841084,UK,Cycling,10,31,Silver
387,Athlete_387,23,173.2696512130308,68.57263993889507,China,Athletics,16,14,None
388,Athlete_388,30,168.11840309899728,85.27940525550812,USA,Gymnastics,16,29,None
389,Athlete_389,37,199.7227946227266,81.18051207931425,Japan,Rowing,8,16,None
390,Athlete_390,32,170.04133821992716,83.58789893709469,Japan,Gymnastics,7,33,None
391,Athlete_391,20,185.2352152246566,80.05655773317699,Japan,Gymnastics,6,25,Gold
392,Athlete_392,25,164.06371053936604,67.87391805304034,USA,Rowing,16,29,Silver
393,Athlete_393,37,178.7213139109316,83.36523427089926,Australia,Cycling,16,10,None
394,Athlete_394,33,179.78872163931837,89.18944591926365,Japan,Rowing,7,10,None
395,Athlete_395,30,174.7582302290187,82.0140385934317,Japan,Gymnastics,9,26,None
396,Athlete_396,35,169.28995280360428,80.3958708795102,UK,Cycling,14,36,Bronze
397,Athlete_397,27,172.36678097386036,65.79534592115188,France,Swimming,11,10,None
398,Athlete_398,36,170.9671049802688,77.54180494769373,France,Rowing,14,30,None
399,Athlete_399,34,199.02026281835455,65.15710404661559,Germany,Rowing,7,29,None
400,Athlete_400,36,174.7739691055518,74.71166570303275,Germany,Cycling,1,22,None
401,Athlete_401,22,180.2488877866395,55.31680032929621,Japan,Swimming,13,39,Silver
402,Athlete_402,38,192.81625090425368,55.40929916409488,UK,Swimming,3,18,None
403,Athlete_403,26,166.2368133202582,72.70742772063564,Japan,Cycling,4,24,None
404,Athlete_404,29,175.37660233167938,68.41872393807613,Germany,Athletics,11,12,Bronze
405,Athlete_405,38,172.30813868318612,76.28144632169008,USA,Rowing,2,23,None
406,Athlete_406,18,174.13861554516637,73.38277705061857,USA,Rowing,14,32,Gold
407,Athlete_407,18,173.20988032882514,75.36228944652186,Australia,Gymnastics,12,20,None
408,Athlete_408,32,167.68122914369783,82.30328930828088,China,Cycling,17,33,None
409,Athlete_409,19,176.95410284996632,69.44077253207001,France,Gymnastics,12,31,None
410,Athlete_410,39,164.373672225839,72.36667426026165,UK,Gymnastics,12,21,Gold
411,Athlete_411,33,184.88882737309018,92.46025467315796,Russia,Swimming,1,22,None
412,Athlete_412,25,181.23309806654603,75.03700952190033,France,Rowing,13,35,Bronze
413,Athlete_413,30,170.06537183635984,72.84947430449533,Russia,Gymnastics,14,22,None
414,Athlete_414,38,170.5501667862614,75.99015239187827,China,Swimming,2,10,Gold
415,Athlete_415,18,177.75510562348254,73.06362752388563,China,Cycling,12,33,None
416,Athlete_416,33,167.01454684393818,66.4851324845613,Japan,Gymnastics,16,19,Bronze
417,Athlete_417,24,193.1198012413487,63.02364195384335,Germany,Rowing,4,12,None
418,Athlete_418,22,178.57925728691768,65.83882391819994,China,Gymnastics,8,33,None
419,Athlete_419,39,178.93263151383678,85.47503024124944,China,Cycling,2,37,None
420,Athlete_420,20,181.81445080357287,67.44113694337905,Russia,Gymnastics,10,13,None
421,Athlete_421,29,169.2053672592993,73.14090477796468,Germany,Rowing,9,25,None
422,Athlete_422,33,185.89009981784773,83.40883542159477,China,Swimming,15,17,None
423,Athlete_423,36,176.14533366215463,71.65930595026826,France,Rowing,13,25,Silver
424,Athlete_424,22,184.5014547099883,82.60033577812383,Australia,Swimming,17,36,None
425,Athlete_425,39,173.0204687343167,56.5104834908296,China,Athletics,16,26,Silver
426,Athlete_426,31,188.17278226731185,73.40979984549725,Australia,Rowing,2,28,None
427,Athlete_427,22,179.0134362702479,75.94675315918211,Germany,Rowing,14,31,Bronze
428,Athlete_428,32,196.82507024177087,75.27766467717801,Japan,Cycling,3,24,None
429,Athlete_429,34,171.3047838317777,55.164975625933394,UK,Gymnastics,12,25,Gold
430,Athlete_430,31,177.04549396090746,89.43735175716965,Germany,Swimming,8,24,Gold
431,Athlete_431,37,164.68423753129844,64.743924660343,Russia,Swimming,2,34,None
432,Athlete_432,22,169.7070176245378,79.02044550314962,UK,Cycling,4,11,Bronze
433,Athlete_433,29,181.18686547847906,75.09557139176796,France,Cycling,14,20,None
434,Athlete_434,33,186.293244375395,87.04451428572813,USA,Gymnastics,16,10,None
435,Athlete_435,33,204.6501035172072,101.24986595249047,Australia,Gymnastics,19,24,None
436,Athlete_436,38,174.0337109337678,59.51562618548597,Australia,Rowing,2,35,Silver
437,Athlete_437,24,165.667865923544,67.21303342473001,Australia,Athletics,12,28,None
438,Athlete_438,21,182.53325760377243,77.26910992606862,Germany,Gymnastics,14,13,None
439,Athlete_439,18,163.72172779498695,61.7357601893665,Australia,Cycling,6,20,None
440,Athlete_440,22,180.64277388026736,84.38619129546912,Japan,Gymnastics,13,14,Bronze
441,Athlete_441,27,169.97744283805875,85.1204714658847,Australia,Swimming,4,12,Bronze
442,Athlete_442,39,177.11594970380392,81.71338891194044,Russia,Athletics,18,22,None
443,Athlete_443,22,185.91046102164668,77.83898101051437,France,Rowing,12,19,Gold
444,Athlete_444,21,173.89266570919304,91.43650533563738,Australia,Swimming,19,20,None
445,Athlete_445,19,184.3287908432862,61.13249421997365,Australia,Swimming,8,27,None
446,Athlete_446,37,183.73158548619148,75.78321834411064,UK,Athletics,7,11,Bronze
447,Athlete_447,27,156.35668471690906,66.13436557523734,France,Rowing,16,16,None
448,Athlete_448,36,165.98399253964428,85.67899599078203,Australia,Cycling,19,18,None
449,Athlete_449,18,159.3819313860453,52.999906025922805,Germany,Rowing,6,19,Bronze
450,Athlete_450,22,195.01737102530134,74.66299361288424,China,Gymnastics,11,27,None
451,Athlete_451,30,173.94608074562674,79.02286424483938,Japan,Swimming,5,32,None
452,Athlete_452,21,192.80829212966643,63.6300943803147,Germany,Gymnastics,16,16,Bronze
453,Athlete_453,33,158.67047719458017,67.4857196133412,USA,Cycling,7,36,None
454,Athlete_454,33,169.27231575451475,75.18454777646527,Germany,Gymnastics,5,16,None
455,Athlete_455,19,183.00498241765973,86.46115655329771,UK,Rowing,11,12,Gold
456,Athlete_456,34,176.79274604426683,62.605569256955356,UK,Gymnastics,15,21,None
457,Athlete_457,37,180.3285989281346,64.69860071550377,Australia,Cycling,3,16,Gold
458,Athlete_458,29,162.46191766206744,88.50705325248413,Germany,Cycling,5,26,None
459,Athlete_459,35,188.7680349287893,71.72429520096198,UK,Cycling,5,35,None
460,Athlete_460,20,182.7701609575729,65.66953152186026,China,Rowing,9,10,Bronze
461,Athlete_461,18,179.01625505491472,83.74421756660298,France,Cycling,15,14,Bronze
462,Athlete_462,18,168.14389718918193,69.14163603321303,Germany,Swimming,3,25,Bronze
463,Athlete_463,36,178.23800127605946,87.3290584240653,Japan,Cycling,6,24,Silver
464,Athlete_464,28,172.0851002100651,67.03535547624345,China,Gymnastics,17,11,None
465,Athlete_465,22,158.49508789962238,73.08486525810005,Australia,Gymnastics,8,18,Gold
466,Athlete_466,29,174.49577148278513,86.33965998466478,France,Gymnastics,11,16,Silver
467,Athlete_467,20,173.43269601777473,72.28486954591499,Japan,Rowing,6,13,Bronze
468,Athlete_468,18,185.62401509875122,84.07263986494375,Australia,Gymnastics,8,29,Silver
469,Athlete_469,18,152.65573557685798,74.21342871862794,Japan,Rowing,10,27,Silver
470,Athlete_470,25,177.351998288547,98.78030167680035,Australia,Rowing,3,30,None
471,Athlete_471,27,163.44431951894282,93.82534324923418,Japan,Cycling,14,13,Gold
472,Athlete_472,28,178.19223342195548,59.062844850795024,France,Swimming,14,37,None
473,Athlete_473,29,178.74280055577304,81.26692417497611,China,Cycling,10,22,None
474,Athlete_474,30,174.13155222869807,65.2031521667875,Japan,Cycling,12,10,Silver
475,Athlete_475,29,183.07293124811085,77.29808326551277,Japan,Rowing,6,37,Silver
476,Athlete_476,31,162.542339409003,75.82044755172313,Russia,Rowing,12,33,Bronze
477,Athlete_477,19,186.077204502817,62.33535579489015,Germany,Gymnastics,14,12,None
478,Athlete_478,36,167.91921133805857,87.70181452236389,France,Gymnastics,2,25,None
479,Athlete_479,35,159.44101349510103,77.43963532282889,Australia,Cycling,9,39,Silver
480,Athlete_480,20,172.2760402950019,71.583803571929,France,Athletics,10,31,None
481,Athlete_481,34,154.04842477320014,69.74268210907687,UK,Athletics,17,13,None
482,Athlete_482,25,177.54173892246203,76.67732363719483,Australia,Gymnastics,17,34,None
483,Athlete_483,27,172.40749557419775,79.89510021017142,France,Athletics,3,32,None
484,Athlete_484,19,187.33686921376037,73.5002905637008,China,Gymnastics,19,34,Silver
485,Athlete_485,36,181.48924210506996,41.009765150685496,Australia,Rowing,1,25,None
486,Athlete_486,26,161.0800366281199,75.2026885949098,Australia,Cycling,12,35,None
487,Athlete_487,24,166.61612508882115,57.70221526068267,France,Swimming,7,28,Bronze
488,Athlete_488,21,180.2066442053421,72.4865692122111,Australia,Cycling,4,10,Bronze
489,Athlete_489,38,183.47079009985035,58.145228915164296,Russia,Gymnastics,10,14,Bronze
490,Athlete_490,35,187.2250091488688,58.00202837904639,Germany,Gymnastics,13,28,None
491,Athlete_491,30,187.14509285305348,89.82146186338234,Australia,Cycling,2,31,Bronze
492,Athlete_492,28,174.10477389752094,71.15889622866732,Germany,Gymnastics,10,33,None
493,Athlete_493,21,178.62655622251168,70.240054082137,France,Athletics,4,20,None
494,Athlete_494,38,187.98738503943795,80.7902885859431,Japan,Athletics,18,22,None
495,Athlete_495,21,171.96691538064053,70.55291372313057,USA,Gymnastics,5,29,None
496,Athlete_496,27,178.79726186940124,100.24567310552891,USA,Gymnastics,19,14,None
497,Athlete_497,22,171.73119220320348,71.72376287128776,Japan,Athletics,2,30,None
498,Athlete_498,26,169.49051885534573,79.38150494379613,Japan,Gymnastics,12,13,Gold
499,Athlete_499,20,175.48385118285805,86.65129597652233,Japan,Gymnastics,17,13,Bronze
500,Athlete_500,34,168.1245654866041,94.22703870728292,China,Cycling,10,13,Silver
501,Athlete_501,20,173.6908402723025,66.09592637210832,USA,Swimming,2,13,Gold
502,Athlete_502,33,164.65045135467867,69.98443795393626,Japan,Athletics,6,29,Silver
503,Athlete_503,21,173.1000561281762,90.29510250352217,China,Cycling,8,30,None
504,Athlete_504,35,179.48390293615861,84.7207476486323,UK,Swimming,19,27,None
505,Athlete_505,34,169.11236463793205,87.9021112280215,Australia,Gymnastics,11,27,None
506,Athlete_506,24,175.09291752530913,58.57554547728398,China,Gymnastics,12,25,Silver
507,Athlete_507,22,176.39342593621265,93.57599704708822,USA,Cycling,9,18,Gold
508,Athlete_508,29,179.52534891821335,65.86310948058234,France,Gymnastics,2,27,None
509,Athlete_509,34,173.66420158694785,77.30751573770276,UK,Rowing,8,31,None
510,Athlete_510,30,185.85866341867805,73.22132546889875,USA,Cycling,11,11,None
511,Athlete_511,20,153.9908113854808,64.45820596142316,Australia,Swimming,4,30,Bronze
512,Athlete_512,26,204.37752847167775,58.049570838947965,China,Cycling,10,13,None
513,Athlete_513,34,166.28866235962482,54.07382260040522,Russia,Athletics,16,21,None
514,Athlete_514,34,179.03390023354078,76.4282208726477,Germany,Cycling,8,16,Gold
515,Athlete_515,37,165.6153208979415,56.69617091719853,Australia,Gymnastics,4,24,None
516,Athlete_516,33,181.442681595093,61.3942128589574,USA,Gymnastics,10,16,None
517,Athlete_517,39,177.76569152594928,72.38356946162136,Japan,Rowing,12,38,Silver
518,Athlete_518,30,168.4928646265491,43.334297996881205,China,Rowing,14,31,Bronze
519,Athlete_519,36,185.73087345410312,84.34775654452801,Japan,Rowing,16,35,None
520,Athlete_520,34,173.36039120398078,46.0813419947183,Japan,Swimming,18,30,Gold
521,Athlete_521,21,180.47215938057005,74.07153130400673,Japan,Rowing,12,26,Bronze
522,Athlete_522,29,165.82840194803964,75.18023071913147,Japan,Swimming,18,25,Bronze
523,Athlete_523,26,174.6911236442842,81.45674064218171,Japan,Rowing,7,37,None
524,Athlete_524,36,195.03407267182104,74.49983037132128,UK,Swimming,7,28,None
525,Athlete_525,29,184.6296552911413,99.21489556599886,USA,Cycling,9,18,Silver
526,Athlete_526,26,178.07620755451052,77.595802578822,Australia,Cycling,1,23,None
527,Athlete_527,24,170.51079172390203,87.64334879092392,USA,Gymnastics,6,26,Gold
528,Athlete_528,31,175.6749853587501,66.31844629355655,Australia,Swimming,6,14,Silver
529,Athlete_529,37,176.97565990172382,76.44908167427361,Germany,Athletics,12,11,Silver
530,Athlete_530,36,179.49228434919746,93.57084114034711,China,Gymnastics,12,29,None
531,Athlete_531,32,164.23339491822335,72.14765850372432,Russia,Cycling,10,25,Silver
532,Athlete_532,33,181.68407960942366,77.30681717034277,UK,Swimming,6,23,Silver
533,Athlete_533,38,164.10406901705346,86.7702413896497,China,Rowing,17,23,Bronze
534,Athlete_534,22,191.31125852281872,66.09324575770039,UK,Athletics,19,36,None
535,Athlete_535,20,167.2837167758312,49.061276000169684,Australia,Cycling,18,10,Bronze
536,Athlete_536,29,177.96628319676176,78.06688384454843,USA,Gymnastics,6,12,None
537,Athlete_537,37,185.0514257327802,86.86403003229603,Japan,Swimming,19,35,Silver
538,Athlete_538,38,172.4761995653555,58.78265082129634,Germany,Athletics,10,16,Bronze
539,Athlete_539,21,178.40600019099858,83.04263876732807,Germany,Swimming,8,35,Gold
540,Athlete_540,38,189.3518154919005,83.12359664807445,France,Rowing,6,24,None
541,Athlete_541,33,180.64402987893266,47.718044890616355,Russia,Gymnastics,7,28,None
542,Athlete_542,24,178.55550629674352,63.76453641111873,Germany,Swimming,1,29,None
543,Athlete_543,30,158.15214605179537,70.25005463122005,Japan,Cycling,18,11,Bronze
544,Athlete_544,38,165.66277747259778,72.84451199717715,USA,Gymnastics,12,28,None
545,Athlete_545,27,185.46920127650012,66.0823888227842,Russia,Cycling,16,18,Silver
546,Athlete_546,24,180.69950305341382,65.43596635701383,Australia,Swimming,10,28,None
547,Athlete_547,31,182.21466273785074,95.0577946941851,China,Gymnastics,10,36,Gold
548,Athlete_548,22,181.35396932214897,73.7092904176931,Australia,Cycling,14,14,Bronze
549,Athlete_549,20,187.89756528375375,66.65947607820313,Japan,Rowing,10,27,Bronze
550,Athlete_550,28,172.38600075044877,74.5059662770494,Japan,Rowing,10,25,None
551,Athlete_551,28,176.204999587893,81.44508999673373,Germany,Swimming,11,13,None
552,Athlete_552,35,164.71325666870916,75.61951652053449,Russia,Gymnastics,2,21,None
553,Athlete_553,32,162.21977416563624,72.53126891006433,USA,Athletics,8,38,None
554,Athlete_554,29,158.56259284411942,67.19979997595456,Australia,Gymnastics,7,16,Bronze
555,Athlete_555,26,166.14836501000153,67.05442985438881,France,Rowing,8,23,Silver
556,Athlete_556,27,190.52561815489642,67.82629936217569,Australia,Cycling,1,32,Bronze
557,Athlete_557,29,159.4727293218396,79.06577520972884,UK,Athletics,2,21,Silver
558,Athlete_558,34,171.964640144228,63.069838891178556,UK,Swimming,18,12,Gold
559,Athlete_559,23,162.06854676353842,79.71923068164266,USA,Athletics,15,14,None
560,Athlete_560,24,168.9902603699664,91.95593706752196,USA,Swimming,1,26,None
561,Athlete_561,31,176.69693792352018,78.9084882937584,UK,Athletics,5,35,Gold
562,Athlete_562,30,167.99884126794993,70.56497365299435,France,Swimming,2,19,Bronze
563,Athlete_563,25,185.89664865016462,59.422477379344436,Russia,Swimming,3,19,Bronze
564,Athlete_564,27,190.33978120849568,93.93728169493818,UK,Athletics,19,20,Silver
565,Athlete_565,26,152.5090427194406,60.95978819281305,USA,Athletics,18,26,None
566,Athlete_566,35,168.17007669648876,85.18274441370897,Germany,Swimming,18,14,Bronze
567,Athlete_567,19,175.59142122272422,82.66221432713382,China,Rowing,14,22,Bronze
568,Athlete_568,22,186.26117026015382,72.15877676443128,France,Athletics,8,19,None
569,Athlete_569,22,170.45755724846737,71.84425435463186,Japan,Gymnastics,12,18,None
570,Athlete_570,23,174.8006460475419,52.97146471150775,France,Cycling,10,26,Silver
571,Athlete_571,36,163.4325577494805,78.96078000975146,Germany,Swimming,17,10,None
572,Athlete_572,25,159.67204147737655,82.43911598874966,Germany,Swimming,11,13,Gold
573,Athlete_573,33,189.45384689582934,61.931038606226345,Japan,Cycling,2,13,Bronze
574,Athlete_574,30,156.75930126107062,73.13014230805076,Australia,Rowing,4,27,None
575,Athlete_575,18,198.28619008421566,75.4543429801074,USA,Cycling,1,18,Bronze
576,Athlete_576,39,182.2515139938174,82.01487153539482,UK,Athletics,15,39,None
577,Athlete_577,37,181.79973075516756,75.04563691347825,Australia,Cycling,13,34,None
578,Athlete_578,34,180.7546866749443,55.48416775246099,Russia,Swimming,8,38,None
579,Athlete_579,24,172.47314311999037,68.64074676645012,France,Cycling,4,38,Bronze
580,Athlete_580,30,178.9208452970087,77.69550942466823,Japan,Gymnastics,10,27,None
581,Athlete_581,21,173.11103312215525,85.0983401044771,France,Athletics,19,23,None
582,Athlete_582,21,180.5307327644048,67.58836068726905,Australia,Cycling,18,34,Bronze
583,Athlete_583,23,174.66313473091284,101.25179849460024,Germany,Swimming,5,24,Silver
584,Athlete_584,36,165.49651816898265,52.26632317395642,UK,Athletics,19,15,None
585,Athlete_585,29,166.29427383738243,68.23559789930519,France,Swimming,16,33,None
586,Athlete_586,39,165.15727624707498,74.00359675808672,Russia,Rowing,1,19,Silver
587,Athlete_587,24,184.7090073193431,72.59101003736563,Germany,Gymnastics,12,38,None
588,Athlete_588,27,168.825533875409,60.21429204222201,Russia,Rowing,2,24,Gold
589,Athlete_589,36,155.8789683891514,80.37434097302153,UK,Gymnastics,8,38,Bronze
590,Athlete_590,24,178.96838665848804,79.45312861576707,France,Cycling,18,13,Silver
591,Athlete_591,20,190.1451756258958,75.57553735177856,China,Athletics,16,27,Silver
592,Athlete_592,30,182.73083189177527,78.98212635910218,Australia,Cycling,5,27,Silver
593,Athlete_593,30,168.96676434778288,69.91468306262362,France,Gymnastics,13,34,Bronze
594,Athlete_594,35,159.1318828440491,55.59164459869719,Australia,Gymnastics,19,26,None
595,Athlete_595,37,173.6573189664249,66.40032155937307,UK,Gymnastics,3,21,Bronze
596,Athlete_596,25,173.4077612190329,76.8846549769133,France,Swimming,8,16,None
597,Athlete_597,26,165.30800389686235,76.95293297815675,Australia,Athletics,12,25,None
598,Athlete_598,24,180.51037302242537,75.49654863103018,Japan,Cycling,2,20,Silver
599,Athlete_599,18,193.46626500830473,81.58449921582039,Australia,Cycling,11,23,Bronze
600,Athlete_600,20,177.22282717458285,68.0262474545998,France,Rowing,12,12,None
601,Athlete_601,30,176.60476206998845,75.32017268532643,USA,Gymnastics,18,28,None
602,Athlete_602,34,165.62771951166178,81.86511334085905,France,Gymnastics,13,27,Silver
603,Athlete_603,18,188.97414703060372,73.98132217797176,France,Gymnastics,5,39,Gold
604,Athlete_604,23,174.24855833189983,60.080112859126814,Australia,Cycling,12,19,Bronze
605,Athlete_605,38,169.2103674480583,63.46213956413355,Russia,Rowing,2,15,Bronze
606,Athlete_606,23,175.63688393651617,84.97022789135241,China,Swimming,5,22,Silver
607,Athlete_607,29,179.71961333246608,91.70966595531087,Russia,Athletics,7,19,Bronze
608,Athlete_608,30,176.39215408644904,89.10339729388859,Australia,Swimming,12,27,Silver
609,Athlete_609,30,187.06153395670592,77.78587139690443,Russia,Cycling,16,35,Bronze
610,Athlete_610,32,178.83971552546862,60.56240877579968,Germany,Gymnastics,8,29,Silver
611,Athlete_611,38,172.16058189117464,74.92378131872557,USA,Athletics,9,35,Gold
612,Athlete_612,33,179.0119221632689,93.74706158340506,Russia,Cycling,15,25,None
613,Athlete_613,39,179.99637101125958,82.4218605654777,Japan,Cycling,5,34,Bronze
614,Athlete_614,38,162.0362408073616,72.51026972779353,UK,Cycling,13,34,Bronze
615,Athlete_615,28,186.49419728263715,82.5435027940946,Japan,Athletics,5,15,Silver
616,Athlete_616,22,171.9909598063864,59.767257520612745,UK,Athletics,11,22,Gold
617,Athlete_617,21,172.2467677649457,66.65194346582157,France,Rowing,10,13,None
618,Athlete_618,20,182.51375987075946,61.9897033077321,Germany,Rowing,13,32,None
619,Athlete_619,36,182.4716522425958,80.63486182018119,USA,Swimming,9,23,Silver
620,Athlete_620,37,167.99168321133914,83.56924199664111,Japan,Athletics,14,10,Silver
621,Athlete_621,35,183.02901618145685,73.1540876736196,USA,Athletics,18,37,Gold
622,Athlete_622,32,169.39551848510476,64.5248438791252,Japan,Athletics,15,29,Silver
623,Athlete_623,26,193.19573046698656,74.76301087758448,France,Rowing,10,14,Silver
624,Athlete_624,34,166.71806018734236,69.16104131191432,UK,Cycling,7,17,Bronze
625,Athlete_625,31,177.39477461705897,65.44595154367506,China,Gymnastics,8,21,None
626,Athlete_626,32,167.17982363092392,79.06792422371096,Germany,Rowing,3,11,Gold
627,Athlete_627,18,197.22695629135075,65.90409332977592,Japan,Athletics,15,21,None
628,Athlete_628,38,162.62179055912884,56.20380320443089,Japan,Rowing,16,14,None
629,Athlete_629,39,180.2436274725291,58.87062635564176,France,Swimming,4,31,Bronze
630,Athlete_630,39,167.65089585522202,55.76087439820861,Germany,Athletics,6,14,None
631,Athlete_631,20,171.45892358552013,77.97014299891445,UK,Swimming,1,22,None
632,Athlete_632,33,179.53537833745176,76.80486525811396,UK,Athletics,4,18,None
633,Athlete_633,28,187.24584437626143,76.20624113409794,Japan,Rowing,11,19,Silver
634,Athlete_634,29,191.23396562299047,82.05277982975932,China,Cycling,12,10,None
635,Athlete_635,27,159.63052039973678,89.3035062734054,China,Gymnastics,5,39,Silver
636,Athlete_636,33,177.67751224364463,67.89280163009862,USA,Swimming,16,12,Bronze
637,Athlete_637,25,189.5949360338352,79.87772972686102,Germany,Rowing,13,39,Silver
638,Athlete_638,23,158.1468906123806,56.044613911129474,Germany,Cycling,13,27,None
639,Athlete_639,29,178.14383494054846,91.5445169551602,UK,Rowing,17,21,Bronze
640,Athlete_640,38,174.97916202579816,60.062025141382115,USA,Swimming,7,38,Silver
641,Athlete_641,25,179.14541814379788,66.47902657151475,France,Gymnastics,8,12,None
642,Athlete_642,21,167.27695974673526,67.82748583520289,Germany,Rowing,13,35,None
643,Athlete_643,25,160.6438117178656,56.684748039333456,USA,Athletics,16,34,None
644,Athlete_644,35,155.86893574820976,75.39090692890274,USA,Cycling,4,38,None
645,Athlete_645,22,184.763839534621,77.56684641841778,Japan,Rowing,8,39,None
646,Athlete_646,26,186.04049136483354,72.7270359482214,UK,Cycling,16,18,None
647,Athlete_647,21,178.02685348995985,56.51702841562708,USA,Athletics,10,35,None
648,Athlete_648,39,169.65851650311905,98.80063481822054,Australia,Gymnastics,12,11,Silver
649,Athlete_649,34,158.76954106534254,81.59076955801977,China,Gymnastics,12,39,Gold
650,Athlete_650,26,180.63345462505023,106.6106645237995,Australia,Athletics,5,12,None
651,Athlete_651,18,163.99220717163314,65.3386891213645,China,Cycling,16,23,None
652,Athlete_652,38,167.88701375239464,86.49458673812372,Russia,Rowing,1,13,Bronze
653,Athlete_653,37,169.1343592043728,84.35128664872997,UK,Athletics,9,34,Bronze
654,Athlete_654,30,173.02464774303033,71.51309876283165,Japan,Swimming,12,28,Bronze
655,Athlete_655,33,167.40959552791352,91.93261081271069,France,Cycling,5,22,Gold
656,Athlete_656,30,175.33458770992303,70.13507990863465,Australia,Gymnastics,3,16,None
657,Athlete_657,31,168.7818169949361,70.66930296690471,Australia,Athletics,5,21,Bronze
658,Athlete_658,20,182.01373064839223,33.34284129673941,Russia,Gymnastics,2,12,Bronze
659,Athlete_659,23,185.31062913988055,79.90833664491164,China,Cycling,14,32,Bronze
660,Athlete_660,35,176.08542676028438,59.093881059811125,Japan,Gymnastics,2,32,None
661,Athlete_661,36,179.62626335381103,68.39134565165386,Russia,Athletics,13,18,None
662,Athlete_662,22,196.1785594962589,62.685364335059674,UK,Cycling,7,11,None
663,Athlete_663,32,163.27396743138684,70.60522152818086,Japan,Swimming,10,38,None
664,Athlete_664,19,162.66531898719893,80.32656276260923,UK,Athletics,13,31,None
665,Athlete_665,27,181.94997900776875,75.13369875658509,USA,Rowing,16,18,Bronze
666,Athlete_666,35,194.46542837514767,83.51569548606969,Germany,Athletics,14,21,None
667,Athlete_667,30,172.39501438061276,90.18755442702758,USA,Cycling,11,21,None
668,Athlete_668,22,192.2683384221876,70.57444875986597,UK,Athletics,10,24,None
669,Athlete_669,18,175.9643371879349,69.25719309580664,Australia,Swimming,6,11,None
670,Athlete_670,39,168.19112717960917,86.49273184394411,Japan,Swimming,4,27,None
671,Athlete_671,18,165.09307611362297,87.44456746487916,China,Rowing,1,22,None
672,Athlete_672,35,181.29413584886788,83.88709041723656,France,Gymnastics,7,23,Silver
673,Athlete_673,32,165.85040932217302,63.573854319127804,China,Cycling,9,14,Bronze
674,Athlete_674,34,175.81276842767028,80.07186078601924,Japan,Cycling,8,35,Gold
675,Athlete_675,28,190.83465025384095,76.31364724856746,USA,Gymnastics,5,19,None
676,Athlete_676,38,171.93219607128628,87.63034729619596,France,Swimming,19,21,Silver
677,Athlete_677,39,188.140094746439,68.12553492554702,Japan,Swimming,10,19,None
678,Athlete_678,34,162.85456510273593,55.000676506201,UK,Athletics,11,33,None
679,Athlete_679,30,169.660908986832,83.28284160456327,Australia,Rowing,15,20,None
680,Athlete_680,18,160.92855973785083,44.29957940091477,China,Rowing,6,34,Bronze
681,Athlete_681,19,175.72996755973358,66.22183915324405,UK,Rowing,15,11,None
682,Athlete_682,26,182.80078179716583,62.72165386418047,France,Athletics,5,14,Bronze
683,Athlete_683,20,175.75187087606187,62.640783949131034,France,Rowing,19,39,Bronze
684,Athlete_684,18,187.2705005997015,66.01162234853885,China,Gymnastics,19,16,None
685,Athlete_685,38,167.5082075937087,89.60848283701955,UK,Athletics,10,15,None
686,Athlete_686,33,177.25342753689068,84.84666502807647,Russia,Gymnastics,12,31,Bronze
687,Athlete_687,23,169.72530676386143,71.97923181608994,UK,Athletics,4,32,None
688,Athlete_688,34,178.61676585423655,88.6034816623086,France,Rowing,18,12,None
689,Athlete_689,22,180.03736046212427,62.25243413800351,UK,Gymnastics,16,22,Gold
690,Athlete_690,22,180.82395959984063,60.6205993710341,Australia,Gymnastics,8,12,None
691,Athlete_691,23,164.29405661764397,85.36315991095908,Japan,Gymnastics,4,35,Bronze
692,Athlete_692,20,166.10253898213432,81.95571875187176,USA,Athletics,12,34,None
693,Athlete_693,38,167.95712291808812,69.47683918100012,Australia,Cycling,2,39,None
694,Athlete_694,22,172.61119252133403,61.37446927562243,Russia,Rowing,4,33,None
695,Athlete_695,38,175.8718640420643,92.51678250045528,Germany,Gymnastics,5,30,Bronze
696,Athlete_696,22,182.08089121856676,54.35876938862618,Japan,Cycling,3,15,None
697,Athlete_697,27,166.51901300660768,67.81888877587727,USA,Rowing,9,20,None
698,Athlete_698,27,158.98980702298246,77.74291833021476,Germany,Rowing,18,37,None
699,Athlete_699,36,196.5574316320679,96.62597770117735,China,Gymnastics,11,35,Bronze
700,Athlete_700,34,163.6854697934757,79.59720254487864,Germany,Gymnastics,3,26,None
701,Athlete_701,38,183.3632372299555,80.76365583615959,Japan,Athletics,2,19,Bronze
702,Athlete_702,31,175.31266877248675,68.16739559822247,UK,Cycling,9,21,None
703,Athlete_703,26,177.5130564080638,81.82176270329518,Japan,Cycling,14,26,Silver
704,Athlete_704,31,174.98449494164097,76.26371185054904,Australia,Gymnastics,4,13,None
705,Athlete_705,18,171.15158118052875,55.938425514989305,Germany,Rowing,9,11,None
706,Athlete_706,36,179.63972282923459,84.51521824191728,France,Gymnastics,13,20,None
707,Athlete_707,30,170.61412793742704,86.64472067816222,USA,Rowing,18,16,Bronze
708,Athlete_708,30,186.6630274723679,84.64038058585395,USA,Rowing,15,11,Bronze
709,Athlete_709,21,180.68441006256154,75.39993510798962,Germany,Gymnastics,10,35,None
710,Athlete_710,18,180.99594113281495,63.52587740220423,USA,Swimming,16,27,Gold
711,Athlete_711,34,169.9287693994341,47.28979522458161,France,Cycling,12,30,None
712,Athlete_712,25,172.63645262911004,76.88464326481741,Japan,Rowing,5,13,None
713,Athlete_713,19,163.12087191357935,87.98330471689019,USA,Rowing,2,17,Gold
714,Athlete_714,25,171.46983943274438,86.94638962899697,Germany,Swimming,10,29,None
715,Athlete_715,24,164.63424083643702,84.79287412072617,Russia,Athletics,1,23,None
716,Athlete_716,19,188.13068515588714,74.10946825740731,Russia,Swimming,7,21,None
717,Athlete_717,39,175.50535815594006,88.04957008837796,China,Swimming,17,31,Gold
718,Athlete_718,39,176.70497235040432,86.08994188627084,Australia,Rowing,16,30,None
719,Athlete_719,20,172.7485347264998,69.9283972713413,USA,Cycling,3,36,None
720,Athlete_720,35,176.9757892205141,83.11917619939017,Australia,Swimming,14,39,Silver
721,Athlete_721,29,199.64877635857684,68.5684902550885,Japan,Athletics,10,27,None
722,Athlete_722,18,171.99859715607508,81.48029077940306,Germany,Gymnastics,7,20,None
723,Athlete_723,39,168.49586965290007,59.4106002683872,USA,Swimming,17,38,None
724,Athlete_724,29,180.29693132905442,60.33345829592494,UK,Swimming,6,37,Bronze
725,Athlete_725,22,149.7428136639751,87.69848456332689,France,Athletics,4,39,None
726,Athlete_726,34,175.63956786910933,86.25072146645718,USA,Cycling,17,17,None
727,Athlete_727,33,171.282870967071,82.60333848690998,USA,Swimming,9,11,None
728,Athlete_728,32,165.07686733963905,76.05562585263397,Australia,Swimming,4,34,Bronze
729,Athlete_729,32,180.077576703115,46.30470682771022,Australia,Cycling,7,24,None
730,Athlete_730,22,175.53988418445792,74.10148874152212,Russia,Athletics,2,18,Silver
731,Athlete_731,38,156.97591092505783,80.45019800627806,France,Swimming,17,28,Silver
732,Athlete_732,31,168.53470478807563,68.58320102928491,Germany,Cycling,8,29,None
733,Athlete_733,19,146.11728794807274,66.45006968630115,USA,Swimming,15,17,Bronze
734,Athlete_734,28,177.93269314133502,92.3330446578443,Russia,Gymnastics,15,34,None
735,Athlete_735,36,177.83299418440157,74.27653210330065,Australia,Rowing,8,28,Silver
736,Athlete_736,24,167.06718106166326,80.45754203570857,China,Gymnastics,16,14,None
737,Athlete_737,23,180.40112711683128,84.28957753943239,France,Swimming,19,20,None
738,Athlete_738,19,162.17501378878478,62.98275508193907,Russia,Athletics,11,24,Silver
739,Athlete_739,23,165.33482974065006,77.31848907257033,Russia,Rowing,2,17,Gold
740,Athlete_740,35,179.17190464382566,90.8357339337276,Japan,Gymnastics,17,28,Silver
741,Athlete_741,19,168.11333245037056,96.83067819959666,Russia,Cycling,16,32,None
742,Athlete_742,35,174.37343043797554,75.47923676657629,Japan,Athletics,15,36,Bronze
743,Athlete_743,32,169.36350972573658,72.1446774318351,USA,Gymnastics,13,17,Gold
744,Athlete_744,36,170.89068843700815,78.2282888176504,USA,Cycling,15,35,Bronze
745,Athlete_745,19,171.32775784045006,77.92364456433026,Australia,Swimming,4,36,Gold
746,Athlete_746,37,167.9324324278182,91.64109679357384,China,Cycling,16,39,None
747,Athlete_747,23,178.02449714360125,63.0432997299952,UK,Gymnastics,12,28,None
748,Athlete_748,18,168.7207151324605,71.64152296600774,UK,Gymnastics,4,27,None
749,Athlete_749,32,175.15686713795603,61.59430407748187,UK,Swimming,3,19,Bronze
750,Athlete_750,27,167.71268318625596,62.85486137042908,Australia,Cycling,17,38,None
751,Athlete_751,36,159.65701373615542,79.5188881816695,Japan,Cycling,18,16,None
752,Athlete_752,34,184.12435249259167,84.71829409964431,Australia,Swimming,18,37,Silver
753,Athlete_753,22,179.9952698509541,67.20729967507506,France,Cycling,17,18,None
754,Athlete_754,21,197.88682068797672,84.26513746770347,France,Swimming,12,10,Bronze
755,Athlete_755,27,164.56027160001742,88.33894388558362,China,Athletics,4,28,Bronze
756,Athlete_756,34,172.9103951266797,98.21647198120068,France,Gymnastics,12,14,Silver
757,Athlete_757,27,173.71492519144195,75.83696218609259,UK,Athletics,15,28,Silver
758,Athlete_758,34,184.8936943828213,67.3228256706704,UK,Rowing,16,10,Bronze
759,Athlete_759,37,169.92892105867392,62.97033682072926,Australia,Rowing,5,24,None
760,Athlete_760,22,163.28958145824146,61.77848162496127,Russia,Rowing,15,25,Silver
761,Athlete_761,19,187.07809308461003,89.99736841684327,France,Swimming,17,32,None
762,Athlete_762,23,171.83349970738772,56.8188558845322,Australia,Cycling,18,16,None
763,Athlete_763,38,183.78643509726044,89.6129818278144,USA,Athletics,5,35,None
764,Athlete_764,19,182.62198400792212,64.57870764897422,USA,Athletics,13,21,Gold
765,Athlete_765,30,174.701095260977,66.77752562568713,Russia,Athletics,19,17,Silver
766,Athlete_766,28,173.25686294965251,73.18133453988024,Russia,Athletics,13,14,None
767,Athlete_767,28,171.08435193670195,66.55614540520186,Russia,Rowing,18,19,Bronze
768,Athlete_768,33,174.84806871230012,86.1837570595149,Australia,Athletics,14,37,Silver
769,Athlete_769,28,183.6310022617063,96.7601274237933,USA,Cycling,4,30,Bronze
770,Athlete_770,36,167.0355981894042,67.11081410936235,UK,Rowing,4,14,Gold
771,Athlete_771,32,176.0884563020912,69.81314593002448,Russia,Athletics,19,26,Silver
772,Athlete_772,33,163.81368571801193,73.04015031259323,China,Swimming,13,35,Bronze
773,Athlete_773,28,165.05893766957809,81.49268116191165,Japan,Gymnastics,12,14,None
774,Athlete_774,39,174.69061002844376,73.15818865252972,Australia,Gymnastics,7,31,None
775,Athlete_775,33,155.3984199170617,91.64708893263115,Russia,Gymnastics,12,24,None
776,Athlete_776,25,195.60558616616052,88.75948699874313,Japan,Rowing,4,22,None
777,Athlete_777,21,163.06940045089763,60.774451756858795,Germany,Athletics,2,37,None
778,Athlete_778,25,174.59911487343447,81.25161798689794,Russia,Rowing,2,10,None
779,Athlete_779,21,186.68217721816865,93.24407084771403,USA,Cycling,5,20,None
780,Athlete_780,20,166.370946612495,69.0626286507974,France,Swimming,10,32,None
781,Athlete_781,20,151.97303010455283,71.46882153847731,Russia,Swimming,10,10,Bronze
782,Athlete_782,35,170.5505423987533,68.66355602576454,Australia,Gymnastics,9,20,Bronze
783,Athlete_783,36,166.2517961992388,68.91509261371793,France,Gymnastics,13,27,None
784,Athlete_784,36,152.23626491407998,54.97858137706743,Germany,Gymnastics,7,27,Gold
785,Athlete_785,38,177.84889892572198,59.06022058241939,China,Athletics,5,30,None
786,Athlete_786,22,177.07093862232952,75.92968462484676,France,Cycling,10,39,None
787,Athlete_787,35,186.42326454538352,93.16317569583333,Japan,Cycling,10,35,None
788,Athlete_788,27,163.79177634479612,67.63967024978061,UK,Cycling,6,25,Silver
789,Athlete_789,39,159.00863513552986,67.28691236461731,Russia,Cycling,19,22,Gold
790,Athlete_790,38,170.93276916953417,95.41825284504881,Germany,Gymnastics,8,16,None
791,Athlete_791,23,174.11657340990905,61.700910458208156,Germany,Swimming,1,10,Gold
792,Athlete_792,18,184.21349602986496,55.065082047522935,France,Gymnastics,17,35,None
793,Athlete_793,22,189.10568005005157,65.05781476635,China,Cycling,7,25,Bronze
794,Athlete_794,26,187.14479133907346,67.04658625446761,USA,Gymnastics,14,10,None
795,Athlete_795,29,177.76543666892667,54.030562983659216,Russia,Cycling,17,26,None
796,Athlete_796,31,182.9949925350415,73.46349952470466,Germany,Rowing,9,15,Silver
797,Athlete_797,19,168.59506565230816,86.38135619833842,China,Swimming,17,11,None
798,Athlete_798,34,176.68395192475248,59.56854271542208,UK,Rowing,5,26,Gold
799,Athlete_799,31,163.08709860712193,76.05093862744307,Germany,Athletics,8,15,Bronze
800,Athlete_800,30,175.62685396886874,79.75122810752127,China,Gymnastics,6,23,None
801,Athlete_801,26,175.88646697398013,73.99938869670848,Australia,Athletics,11,27,None
802,Athlete_802,32,192.2212860568497,77.22831107689271,USA,Gymnastics,19,15,Silver
803,Athlete_803,39,172.71017138509754,77.36792715114252,USA,Rowing,4,19,Gold
804,Athlete_804,32,175.90042837653286,65.24726451697882,Germany,Cycling,18,33,None
805,Athlete_805,28,177.36961415712042,92.98299086414242,Japan,Cycling,1,27,None
806,Athlete_806,33,170.45179684111548,89.97308200891459,Germany,Gymnastics,13,36,Silver
807,Athlete_807,34,166.97507266788352,89.27893676689402,France,Cycling,14,18,Gold
808,Athlete_808,21,187.9881132484705,87.16410888652636,Russia,Rowing,1,17,None
809,Athlete_809,18,165.190825570397,56.10024636680372,China,Cycling,11,37,Bronze
810,Athlete_810,25,161.72081928312727,86.1127485337436,Germany,Rowing,17,19,None
811,Athlete_811,34,181.8026537929548,82.8672171305941,Russia,Athletics,4,26,Bronze
812,Athlete_812,20,186.5781484202401,56.5617166206746,France,Rowing,12,32,Silver
813,Athlete_813,37,170.48590342399362,72.42107573819906,Australia,Swimming,10,39,Bronze
814,Athlete_814,32,170.6394651235012,78.32152139190346,Australia,Swimming,6,38,None
815,Athlete_815,32,177.82543526106792,94.97180517749563,Russia,Swimming,1,35,None
816,Athlete_816,39,167.92147323256816,83.69668629473111,Germany,Gymnastics,7,15,None
817,Athlete_817,31,167.1828747938803,64.62521127266038,USA,Gymnastics,16,23,Bronze
818,Athlete_818,31,183.79592587986366,95.34466150142356,China,Gymnastics,14,31,None
819,Athlete_819,19,181.0713110078362,75.52535715256667,China,Rowing,6,31,None
820,Athlete_820,30,188.11158886318105,71.9299063571629,Australia,Gymnastics,5,15,None
821,Athlete_821,31,162.47410987634504,71.07458164093426,Australia,Athletics,18,35,None
822,Athlete_822,36,169.97537513089384,55.5173371437224,USA,Swimming,15,16,None
823,Athlete_823,24,177.81179562269452,73.68276595420629,Japan,Rowing,6,21,Silver
824,Athlete_824,20,165.74379150225633,80.96982308766789,Germany,Swimming,19,12,None
825,Athlete_825,32,181.4168743715465,70.3754000696974,Australia,Gymnastics,1,23,Silver
826,Athlete_826,31,187.24627087226332,80.0454297269707,Australia,Rowing,1,31,None
827,Athlete_827,28,169.16642027772653,64.62730714902983,Australia,Cycling,13,28,Silver
828,Athlete_828,32,175.38591940227033,73.30886502866856,China,Athletics,3,32,None
829,Athlete_829,30,189.55618690081116,78.79848391930358,Germany,Gymnastics,10,25,Silver
830,Athlete_830,35,192.99271575019,77.27593052476105,France,Gymnastics,3,16,None
831,Athlete_831,23,182.45801251060405,55.73441892337144,Germany,Athletics,9,17,Silver
832,Athlete_832,20,180.9342917319361,69.73192858954526,Russia,Athletics,8,27,Silver
833,Athlete_833,36,166.46263465315087,95.12955516375128,USA,Cycling,3,34,None
834,Athlete_834,32,178.5920940045784,69.09064710803379,Japan,Gymnastics,13,22,None
835,Athlete_835,22,180.56820840774998,75.18969052934207,Australia,Gymnastics,6,30,Silver
836,Athlete_836,27,172.89629841438955,73.95893099341266,Australia,Swimming,13,18,Bronze
837,Athlete_837,24,169.05223745444337,93.81887710703582,Germany,Rowing,12,19,None
838,Athlete_838,34,162.18702326523146,90.48441746633604,Japan,Rowing,13,30,Bronze
839,Athlete_839,24,157.62270244948706,84.69037199782571,Australia,Swimming,2,32,None
840,Athlete_840,39,155.52116486678838,63.3210922395296,Japan,Rowing,16,36,None
841,Athlete_841,29,180.79442572867262,79.31019659030495,France,Athletics,6,18,Gold
842,Athlete_842,34,176.47699325226776,81.81530091690158,UK,Rowing,19,24,None
843,Athlete_843,30,170.16188868458903,66.61674197284735,USA,Rowing,13,29,Bronze
844,Athlete_844,37,171.6854370227536,64.55379472982773,Japan,Swimming,17,11,Bronze
845,Athlete_845,21,177.10470541530484,95.46016976648436,China,Cycling,9,34,Silver
846,Athlete_846,27,173.35436928991405,71.39036025339685,Russia,Rowing,17,22,None
847,Athlete_847,20,161.5944681999617,94.37972182693377,China,Rowing,2,11,Bronze
848,Athlete_848,26,184.130002202743,86.9651250659344,Australia,Cycling,19,28,None
849,Athlete_849,30,178.0412617066981,79.89452138850386,France,Swimming,19,35,Silver
850,Athlete_850,35,177.65898479813848,80.43037723631382,France,Cycling,7,11,None
851,Athlete_851,32,183.37562703358373,58.194965276030786,China,Swimming,10,12,Gold
852,Athlete_852,21,166.86354643940325,77.481297358013,USA,Athletics,10,15,None
853,Athlete_853,32,187.1373143772584,92.00424495577951,China,Swimming,9,12,None
854,Athlete_854,39,173.59957148057762,83.17607403822731,Germany,Athletics,17,19,None
855,Athlete_855,19,183.88598880330875,76.85204024477292,Australia,Athletics,15,33,Bronze
856,Athlete_856,32,182.34449033487655,95.54324634980436,Australia,Swimming,2,36,None
857,Athlete_857,25,164.61198171997444,72.77951132807036,China,Gymnastics,4,15,None
858,Athlete_858,25,180.02900404914135,67.56533189973979,Russia,Swimming,19,32,Bronze
859,Athlete_859,34,178.26274670846686,76.84598299293908,Russia,Rowing,17,25,Gold
860,Athlete_860,29,175.30311657494343,84.19760841733915,Australia,Rowing,5,26,None
861,Athlete_861,36,174.0562824996462,54.38647085030087,UK,Gymnastics,7,28,Bronze
862,Athlete_862,27,174.1410675028221,78.418423721885,Russia,Athletics,18,12,Silver
863,Athlete_863,26,183.12689425643995,84.72414018643572,China,Gymnastics,7,27,None
864,Athlete_864,22,180.7791051379151,71.76430049643767,Russia,Rowing,17,16,Bronze
865,Athlete_865,23,175.30478850265663,88.2835771956317,Australia,Gymnastics,7,18,Silver
866,Athlete_866,37,160.08063853528625,82.69423994893285,USA,Swimming,4,29,Bronze
867,Athlete_867,19,179.9444341408362,100.69659742213292,Japan,Gymnastics,8,21,None
868,Athlete_868,30,182.2361361917778,65.99276522902542,Russia,Athletics,13,14,None
869,Athlete_869,23,198.0041008544697,84.96851820595307,Germany,Swimming,4,12,None
870,Athlete_870,22,185.75433063105038,62.792113106431145,USA,Cycling,6,20,Bronze
871,Athlete_871,18,156.0082361208453,55.61560258467929,UK,Rowing,5,34,Silver
872,Athlete_872,38,175.78429399018643,50.57362988618553,Germany,Rowing,12,39,None
873,Athlete_873,39,193.1137502866498,81.45988826876312,China,Gymnastics,4,13,None
874,Athlete_874,38,181.23548856901638,77.21097496732924,Japan,Swimming,9,14,None
875,Athlete_875,23,178.2865216037321,69.25138731165896,China,Cycling,4,10,None
876,Athlete_876,23,184.00228658915236,53.71794799260464,Japan,Swimming,19,36,None
877,Athlete_877,33,168.77621805009198,66.71536048633588,Japan,Rowing,14,37,None
878,Athlete_878,21,179.78089996627455,75.04911609210548,China,Swimming,5,38,Bronze
879,Athlete_879,28,172.49531961008088,84.51803240151717,Germany,Cycling,18,27,None
880,Athlete_880,26,174.80376514189524,74.80157099702849,Germany,Gymnastics,10,21,None
881,Athlete_881,20,183.28454515695105,78.02472411246333,Japan,Athletics,19,22,Gold
882,Athlete_882,36,165.7328689750782,70.48641142831038,Germany,Swimming,12,18,None
883,Athlete_883,25,187.87982473801938,95.99069043032586,Japan,Athletics,18,11,Gold
884,Athlete_884,22,170.77188038914457,62.78100426806127,Australia,Rowing,17,14,None
885,Athlete_885,21,177.60662833150408,66.60914139257847,Japan,Gymnastics,11,22,None
886,Athlete_886,23,160.99492039725058,69.09170311207784,Australia,Gymnastics,3,25,None
887,Athlete_887,19,182.1983729087139,81.51245277572069,USA,Swimming,17,25,None
888,Athlete_888,37,189.46503935946578,62.533682522557434,France,Gymnastics,1,33,None
889,Athlete_889,28,169.85358450781854,76.62862308657598,USA,Swimming,15,12,Bronze
890,Athlete_890,21,163.897766134904,76.9789217211187,China,Swimming,9,31,None
891,Athlete_891,32,177.77983064742708,66.66770435119943,France,Athletics,15,13,None
892,Athlete_892,23,189.54810644991744,78.95975353148228,Russia,Gymnastics,3,20,None
893,Athlete_893,39,160.50143434519094,62.90623321515083,China,Swimming,19,32,Bronze
894,Athlete_894,34,163.93691818771657,61.59511029045905,UK,Athletics,13,35,Bronze
895,Athlete_895,23,170.45810441688485,76.19526907825728,USA,Cycling,12,23,None
896,Athlete_896,36,166.79656175469304,55.082932974263244,Germany,Athletics,1,38,None
897,Athlete_897,19,166.82814533391004,49.26236756939714,USA,Athletics,17,12,Silver
898,Athlete_898,32,154.05879372336221,81.3939996095616,Germany,Swimming,13,25,None
899,Athlete_899,28,180.89056947405868,87.58763931109405,France,Rowing,1,31,None
900,Athlete_900,25,178.38720502869634,69.39836257568965,UK,Rowing,10,24,Bronze
901,Athlete_901,36,158.01150800196353,66.98315217482676,France,Rowing,15,37,Silver
902,Athlete_902,30,189.57195759956247,87.06642271169471,UK,Athletics,7,19,Gold
903,Athlete_903,29,191.81092314930487,61.25354138401296,USA,Swimming,18,18,Bronze
904,Athlete_904,22,167.49094450219886,58.6395285033461,Germany,Gymnastics,16,20,Bronze
905,Athlete_905,23,186.66548590977007,83.49163708450185,France,Athletics,14,25,None
906,Athlete_906,39,169.27002195009055,75.10845823814769,UK,Athletics,18,19,Silver
907,Athlete_907,21,176.8111651021106,87.77852087148285,Japan,Swimming,7,26,None
908,Athlete_908,36,166.6423786497909,49.31680945466425,China,Cycling,17,28,Bronze
909,Athlete_909,37,197.14251523462275,58.19191210657724,China,Athletics,18,11,Gold
910,Athlete_910,18,172.03982772670102,75.17198471812988,France,Cycling,12,33,None
911,Athlete_911,37,176.26449022823462,80.01208438180544,Germany,Cycling,8,32,None
912,Athlete_912,34,168.12062612536172,85.1639650522735,Japan,Rowing,2,11,None
913,Athlete_913,29,193.61315597236396,77.09781322570534,France,Swimming,7,15,None
914,Athlete_914,32,193.8661464608941,76.97586186430283,USA,Cycling,4,28,None
915,Athlete_915,18,191.3092918126294,70.32718148363762,UK,Swimming,18,17,Silver
916,Athlete_916,31,184.5644034834762,94.0908588588542,Australia,Rowing,6,35,None
917,Athlete_917,23,168.75210453065947,61.76371853435403,USA,Swimming,9,38,Bronze
918,Athlete_918,22,183.27850095962418,79.30824183067126,China,Athletics,9,12,Gold
919,Athlete_919,28,174.92957201075265,63.14629398494376,UK,Cycling,14,35,None
920,Athlete_920,21,188.1240862174263,81.41734254966012,France,Swimming,8,23,Gold
921,Athlete_921,30,186.1590205336536,62.5557891673468,USA,Gymnastics,19,34,None
922,Athlete_922,28,168.50734421924076,83.92578838200549,Russia,Swimming,3,25,None
923,Athlete_923,20,184.47825802837215,76.34525936189421,Australia,Cycling,18,10,Silver
924,Athlete_924,18,181.82034450043926,95.93567007910417,Germany,Rowing,5,30,Bronze
925,Athlete_925,23,147.26437137086552,71.62776423274097,Japan,Rowing,14,12,Bronze
926,Athlete_926,35,183.0093663962946,80.09959339497054,Japan,Cycling,4,31,Bronze
927,Athlete_927,27,170.68204211359793,65.64412463447148,Germany,Athletics,7,35,Silver
928,Athlete_928,22,166.13957545668327,71.54528392270447,Russia,Athletics,12,27,Silver
929,Athlete_929,27,166.56739395706256,76.26899375333224,China,Rowing,2,18,Silver
930,Athlete_930,29,173.64757104367968,56.67336093034351,UK,Rowing,11,15,Bronze
931,Athlete_931,19,179.80059580086683,57.98851278978273,Germany,Cycling,14,32,None
932,Athlete_932,30,161.3453797780782,82.19831159802774,Russia,Athletics,16,30,None
933,Athlete_933,25,176.89847836212465,73.24695814161984,France,Rowing,6,34,None
934,Athlete_934,19,180.7675806619307,67.88488160342374,Australia,Athletics,4,10,None
935,Athlete_935,37,193.61805783669632,66.15616583499893,Japan,Rowing,15,30,None
936,Athlete_936,18,164.2330983077487,66.61813445131568,Australia,Swimming,1,36,None
937,Athlete_937,22,171.50387813222196,76.35060858009874,Russia,Gymnastics,7,19,None
938,Athlete_938,26,177.6166297269648,80.34043036939428,Australia,Swimming,12,36,Bronze
939,Athlete_939,34,186.47409330191607,49.89471324449731,China,Rowing,10,15,None
940,Athlete_940,26,171.95776118828186,91.9540086812387,China,Gymnastics,5,32,None
941,Athlete_941,28,186.9864137199105,91.10040915530391,USA,Gymnastics,12,21,None
942,Athlete_942,32,155.6263768352354,47.032142837437206,Germany,Rowing,18,13,Silver
943,Athlete_943,23,162.46651806878114,88.03112035587357,USA,Rowing,10,37,None
944,Athlete_944,20,178.4864434433422,87.66262621597251,Australia,Athletics,6,22,None
945,Athlete_945,34,160.89175501912126,75.00534593025054,Japan,Rowing,12,26,None
946,Athlete_946,22,163.25529473233283,59.43397653738148,Russia,Cycling,7,36,None
947,Athlete_947,29,169.7222313575406,87.18273709998087,UK,Rowing,18,17,Bronze
948,Athlete_948,35,182.71438991915824,72.10522720443178,Australia,Cycling,2,35,None
949,Athlete_949,31,156.0403515869271,81.58654612582748,UK,Rowing,10,29,None
950,Athlete_950,38,176.70298362162393,101.63041526354134,China,Athletics,15,12,None
951,Athlete_951,28,185.32963947152805,78.02204100748342,UK,Cycling,12,21,None
952,Athlete_952,26,173.0505479157104,63.99738369937726,UK,Swimming,17,16,None
953,Athlete_953,19,171.3116977040746,70.97122806096334,Japan,Cycling,4,21,None
954,Athlete_954,29,179.01771282558573,65.52665567710815,UK,Athletics,7,11,None
955,Athlete_955,20,173.0788894727856,80.20187660938227,Australia,Cycling,9,33,None
956,Athlete_956,20,188.90499781240746,65.32718929500234,Russia,Rowing,19,23,Gold
957,Athlete_957,18,163.88586987865565,69.32578293180428,UK,Rowing,7,31,None
958,Athlete_958,25,174.48355844834916,59.5868355071088,France,Athletics,2,32,Silver
959,Athlete_959,39,177.05686374960683,73.41495593377027,UK,Gymnastics,6,39,None
960,Athlete_960,25,171.2154594815354,77.1210575196246,UK,Rowing,18,14,Silver
961,Athlete_961,28,146.2871733704254,42.782543434590096,USA,Swimming,6,18,Silver
962,Athlete_962,26,173.39095091950807,78.11488273776266,Russia,Athletics,13,30,Silver
963,Athlete_963,22,184.00176986912467,74.45159722683864,Australia,Cycling,19,20,None
964,Athlete_964,31,182.78109186126017,65.82009661492647,China,Cycling,2,14,Silver
965,Athlete_965,20,178.547784821702,99.34354709123848,USA,Swimming,12,12,None
966,Athlete_966,38,164.02137641650776,86.50171833125705,Australia,Rowing,15,36,Gold
967,Athlete_967,22,178.95309462458485,61.843170166183185,Germany,Athletics,14,26,Bronze
968,Athlete_968,22,169.26562178457763,85.05884255485368,Russia,Swimming,6,11,None
969,Athlete_969,36,178.53482905948667,89.93397691225269,France,Rowing,18,33,None
970,Athlete_970,31,176.21505011401715,76.58425107141069,Russia,Athletics,5,10,None
971,Athlete_971,21,165.2362472871663,79.3373044433679,Germany,Cycling,18,16,Bronze
972,Athlete_972,30,166.07544160643096,79.0601600030591,Germany,Athletics,3,39,None
973,Athlete_973,27,178.55022454421515,49.970209692920534,Germany,Gymnastics,3,23,None
974,Athlete_974,35,172.78886904711499,72.75756483779521,Japan,Athletics,10,14,None
975,Athlete_975,25,166.5971856934287,72.13304589619166,China,Gymnastics,19,28,Silver
976,Athlete_976,25,165.77169810273168,92.16186763871855,UK,Athletics,3,37,None
977,Athlete_977,24,171.96169152013783,79.00473436274248,Russia,Gymnastics,12,37,None
978,Athlete_978,25,190.6810479471821,71.42866845459966,Australia,Cycling,16,20,Bronze
979,Athlete_979,31,169.7392196778804,73.91850310810787,Japan,Rowing,17,32,None
980,Athlete_980,36,174.85980461742412,87.28062697952882,Australia,Gymnastics,7,34,Bronze
981,Athlete_981,23,176.0164428768951,72.78498404105622,UK,Gymnastics,13,11,Bronze
982,Athlete_982,18,163.68973608508057,66.6216536029007,UK,Cycling,2,17,Bronze
983,Athlete_983,32,157.37167516157305,71.6915736849496,France,Gymnastics,4,18,None
984,Athlete_984,18,164.7335926526427,86.28835372587218,Germany,Swimming,10,36,None
985,Athlete_985,34,177.47077377806303,80.95397886717524,China,Cycling,7,12,None
986,Athlete_986,18,175.8733105791541,75.53121568018936,France,Swimming,17,11,None
987,Athlete_987,32,182.02406569151066,77.29847159333796,USA,Cycling,6,16,None
988,Athlete_988,19,175.96749894959117,68.28309031685421,Japan,Gymnastics,19,14,Gold
989,Athlete_989,31,173.90450708530796,72.67260719468815,Japan,Swimming,5,30,None
990,Athlete_990,38,168.95987725074872,67.0403481387058,China,Gymnastics,10,35,None
991,Athlete_991,25,183.84606789862693,71.46264858840308,UK,Cycling,9,14,None
992,Athlete_992,25,165.80819861279284,91.1541391635195,Australia,Gymnastics,13,29,None
993,Athlete_993,36,163.8960048270398,62.06553826347372,Japan,Swimming,19,22,Bronze
994,Athlete_994,24,180.67055517388104,66.73538800292502,China,Swimming,6,30,None
995,Athlete_995,36,161.66842689346345,59.94841364477098,Japan,Gymnastics,4,38,None
996,Athlete_996,23,199.1479099865863,57.34909491374882,Japan,Athletics,3,29,Gold
997,Athlete_997,23,175.79993380559142,72.7587370296565,Germany,Cycling,3,38,None
998,Athlete_998,20,178.47906116324884,67.58868981839056,USA,Cycling,4,15,None
999,Athlete_999,24,166.91580175476614,96.1402671695063,Germany,Gymnastics,5,29,Bronze
1000,Athlete_1000,36,171.84735155758455,71.60584144586647,USA,Athletics,8,27,None
